시간,발전량
2025-01-01 00:00,1.884674212314177
2025-01-01 01:00,2.529119968175971
2025-01-01 02:00,2.773699409105295
2025-01-01 03:00,4.212427890615093
2025-01-01 04:00,2.5019390851792336
2025-01-01 05:00,3.281828485853799
2025-01-01 06:00,2.662387570319802
2025-01-01 07:00,2.8101036668204356
2025-01-01 08:00,4.5993301473793196
2025-01-01 09:00,4.649339588639261
2025-01-01 10:00,3.0116811452100847
2025-01-01 11:00,2.9351030430769742
2025-01-01 12:00,3.9317013293646497
2025-01-01 13:00,4.759166106274725
2025-01-01 14:00,4.635461551749012
2025-01-01 15:00,5.248510761415899
2025-01-01 16:00,5.4145847565879555
2025-01-01 17:00,4.177531407219373
2025-01-01 18:00,4.926819857607873
2025-01-01 19:00,6.880643521475722
2025-01-01 20:00,9.575423932957701
2025-01-01 21:00,10.165557206738184
2025-01-01 22:00,10.920476321049769
2025-01-01 23:00,9.050396953690889
2025-01-02 00:00,6.077362634901984
2025-01-02 01:00,6.685723385885113
2025-01-02 02:00,7.022629242733276
2025-01-02 03:00,9.894596173183226
2025-01-02 04:00,8.764119905787426
2025-01-02 05:00,10.384895613572159
2025-01-02 06:00,9.414797927201365
2025-01-02 07:00,7.917649793391776
2025-01-02 08:00,5.804173776124319
2025-01-02 09:00,2.984212502220037
2025-01-02 10:00,3.2453650293996827
2025-01-02 11:00,3.3561937390852576
2025-01-02 12:00,4.435344957329778
2025-01-02 13:00,6.075099920793999
2025-01-02 14:00,6.584476673848087
2025-01-02 15:00,7.613100935358444
2025-01-02 16:00,10.629083697723516
2025-01-02 17:00,13.518466258007823
2025-01-02 18:00,14.184065645365937
2025-01-02 19:00,18.121949806032383
2025-01-02 20:00,17.938399283557697
2025-01-02 21:00,17.227246284243016
2025-01-02 22:00,15.399891066021459
2025-01-02 23:00,14.831993279320647
2025-01-03 00:00,17.10657797251772
2025-01-03 01:00,15.83594528385645
2025-01-03 02:00,20.264367255886356
2025-01-03 03:00,19.281933478385195
2025-01-03 04:00,25.66372897532342
2025-01-03 05:00,21.638350264484426
2025-01-03 06:00,17.480353771203795
2025-01-03 07:00,17.64624502977908
2025-01-03 08:00,14.384325816307014
2025-01-03 09:00,14.47440415559387
2025-01-03 10:00,9.592561204320106
2025-01-03 11:00,7.516214503292378
2025-01-03 12:00,5.080243167786832
2025-01-03 13:00,3.370644818708407
2025-01-03 14:00,0.7325120892124531
2025-01-03 15:00,2.467047649010338
2025-01-03 16:00,1.5818313840101628
2025-01-03 17:00,4.86700045589335
2025-01-03 18:00,6.593417248358596
2025-01-03 19:00,8.086875069242257
2025-01-03 20:00,24.23235121717488
2025-01-03 21:00,26.62230051471434
2025-01-03 22:00,27.352453104181038
2025-01-03 23:00,29.48919028408583
2025-01-04 00:00,17.029104008807337
2025-01-04 01:00,12.654481119200081
2025-01-04 02:00,11.19782013155871
2025-01-04 03:00,8.846434177574427
2025-01-04 04:00,9.957831286631516
2025-01-04 05:00,4.880551711311441
2025-01-04 06:00,2.8148301810383787
2025-01-04 07:00,1.8665721615781798
2025-01-04 08:00,0.9921113090839909
2025-01-04 09:00,0.8477186985455578
2025-01-04 10:00,0.4896147682128795
2025-01-04 11:00,0.0
2025-01-04 12:00,0.28023876162554257
2025-01-04 13:00,0.20262427269423983
2025-01-04 14:00,0.296682560794816
2025-01-04 15:00,0.7413838114552729
2025-01-04 16:00,0.5080528160908345
2025-01-04 17:00,0.45648087001518245
2025-01-04 18:00,0.13901032402613023
2025-01-04 19:00,0.6868307844293735
2025-01-04 20:00,1.006166620747556
2025-01-04 21:00,1.9530945229392997
2025-01-04 22:00,3.5454786104128924
2025-01-04 23:00,5.422981425534363
2025-01-05 00:00,8.427073890252299
2025-01-05 01:00,11.5711437371513
2025-01-05 02:00,14.725691643082099
2025-01-05 03:00,26.710022544167124
2025-01-05 04:00,24.86000319101621
2025-01-05 05:00,32.740437298446594
2025-01-05 06:00,30.461800792191234
2025-01-05 07:00,33.288602285934985
2025-01-05 08:00,33.701616204200675
2025-01-05 09:00,30.87512725871313
2025-01-05 10:00,34.147981561915884
2025-01-05 11:00,34.34876846102508
2025-01-05 12:00,42.33296798395939
2025-01-05 13:00,45.381302983216614
2025-01-05 14:00,46.15003709292573
2025-01-05 15:00,42.561388426801
2025-01-05 16:00,36.5015154153509
2025-01-05 17:00,26.11778255952332
2025-01-05 18:00,16.460561282237443
2025-01-05 19:00,11.937328343896752
2025-01-05 20:00,9.267541378127218
2025-01-05 21:00,10.153959896542837
2025-01-05 22:00,10.243786737768332
2025-01-05 23:00,12.914445429096913
2025-01-06 00:00,36.836961921278444
2025-01-06 01:00,39.14815129261912
2025-01-06 02:00,42.2024361906586
2025-01-06 03:00,35.44149554774506
2025-01-06 04:00,30.600495984564294
2025-01-06 05:00,23.139505036070116
2025-01-06 06:00,22.386431588527138
2025-01-06 07:00,16.969142899581694
2025-01-06 08:00,20.930180194060934
2025-01-06 09:00,19.460986689095378
2025-01-06 10:00,31.32624174617841
2025-01-06 11:00,53.794721961801514
2025-01-06 12:00,49.87993860804279
2025-01-06 13:00,51.04497106775773
2025-01-06 14:00,53.37066955479055
2025-01-06 15:00,51.876530687206845
2025-01-06 16:00,53.09456895285601
2025-01-06 17:00,52.87858762368294
2025-01-06 18:00,53.69284576599973
2025-01-06 19:00,54.33632784401014
2025-01-06 20:00,54.86490240322169
2025-01-06 21:00,52.72108236845017
2025-01-06 22:00,54.25922214104758
2025-01-06 23:00,51.28620591696463
2025-01-07 00:00,56.09312867364186
2025-01-07 01:00,55.9601541835386
2025-01-07 02:00,55.93803398873307
2025-01-07 03:00,52.588379482796455
2025-01-07 04:00,50.32259518081696
2025-01-07 05:00,38.32739378886039
2025-01-07 06:00,33.51798957762789
2025-01-07 07:00,26.27002143833092
2025-01-07 08:00,19.40327479848891
2025-01-07 09:00,12.763926674127616
2025-01-07 10:00,16.052578695843295
2025-01-07 11:00,23.83453041670579
2025-01-07 12:00,46.06364630019574
2025-01-07 13:00,49.80649663358569
2025-01-07 14:00,51.10279698167495
2025-01-07 15:00,50.9914294724085
2025-01-07 16:00,52.00273420258342
2025-01-07 17:00,51.25631559778564
2025-01-07 18:00,52.330408650794446
2025-01-07 19:00,54.38625633592362
2025-01-07 20:00,49.27832213938986
2025-01-07 21:00,43.39020186170576
2025-01-07 22:00,51.37360512298895
2025-01-07 23:00,45.54253266606116
2025-01-08 00:00,49.3700801282196
2025-01-08 01:00,47.521265658370034
2025-01-08 02:00,45.35743166676988
2025-01-08 03:00,39.25097420820522
2025-01-08 04:00,35.89951314808368
2025-01-08 05:00,27.252543955618513
2025-01-08 06:00,20.35013413628152
2025-01-08 07:00,22.9547140648668
2025-01-08 08:00,16.316551489084436
2025-01-08 09:00,24.23439666130861
2025-01-08 10:00,30.269073684179798
2025-01-08 11:00,35.943030002071254
2025-01-08 12:00,31.624204062010598
2025-01-08 13:00,38.847401361738484
2025-01-08 14:00,41.96175862335984
2025-01-08 15:00,44.4958017514884
2025-01-08 16:00,47.87380805194399
2025-01-08 17:00,48.03012459620604
2025-01-08 18:00,50.740557183663974
2025-01-08 19:00,51.782411486500166
2025-01-08 20:00,53.74703905779406
2025-01-08 21:00,52.58035684640427
2025-01-08 22:00,52.084151252283355
2025-01-08 23:00,49.75383264259268
2025-01-09 00:00,55.56393852224147
2025-01-09 01:00,56.03138124232798
2025-01-09 02:00,55.89699416317744
2025-01-09 03:00,55.05285830519057
2025-01-09 04:00,54.68142927885284
2025-01-09 05:00,54.774704229913766
2025-01-09 06:00,55.007424472415664
2025-01-09 07:00,54.45116816978991
2025-01-09 08:00,54.2532674455166
2025-01-09 09:00,54.07404536517853
2025-01-09 10:00,53.60328874260237
2025-01-09 11:00,54.55653486859417
2025-01-09 12:00,54.875064174507
2025-01-09 13:00,54.35904688396437
2025-01-09 14:00,54.045612937346625
2025-01-09 15:00,54.87829883379344
2025-01-09 16:00,54.67285236386559
2025-01-09 17:00,55.01970836392209
2025-01-09 18:00,55.30904683044329
2025-01-09 19:00,55.742113524769664
2025-01-09 20:00,54.17708858667186
2025-01-09 21:00,53.52268676218368
2025-01-09 22:00,53.55915373083563
2025-01-09 23:00,43.08729029005535
2025-01-10 00:00,25.916222384482776
2025-01-10 01:00,18.068198746563475
2025-01-10 02:00,16.016726471154946
2025-01-10 03:00,14.543678666988999
2025-01-10 04:00,11.451390326137641
2025-01-10 05:00,9.71649507806602
2025-01-10 06:00,8.246993730121645
2025-01-10 07:00,7.847342130454378
2025-01-10 08:00,6.888212457981227
2025-01-10 09:00,5.55569202788056
2025-01-10 10:00,5.967031601226811
2025-01-10 11:00,5.18445785022076
2025-01-10 12:00,4.773638171131825
2025-01-10 13:00,6.4366685348001065
2025-01-10 14:00,5.727713430436797
2025-01-10 15:00,10.889364400538312
2025-01-10 16:00,11.497303598109601
2025-01-10 17:00,9.835429937587786
2025-01-10 18:00,9.551146454891647
2025-01-10 19:00,9.184828394076018
2025-01-10 20:00,10.60717803811517
2025-01-10 21:00,14.180880596674905
2025-01-10 22:00,12.057458145749967
2025-01-10 23:00,13.516437281924002
2025-01-11 00:00,4.619126277725432
2025-01-11 01:00,4.688423539618261
2025-01-11 02:00,5.12093942597553
2025-01-11 03:00,5.341842162602346
2025-01-11 04:00,5.499970429533169
2025-01-11 05:00,4.864378367892577
2025-01-11 06:00,3.8954041374008384
2025-01-11 07:00,3.5352843465484662
2025-01-11 08:00,2.6065223317280894
2025-01-11 09:00,3.4274662167899708
2025-01-11 10:00,3.3607463662475983
2025-01-11 11:00,1.9274518766120317
2025-01-11 12:00,1.4743612937661632
2025-01-11 13:00,1.0565123440041726
2025-01-11 14:00,1.0575894351674258
2025-01-11 15:00,1.203147998173374
2025-01-11 16:00,0.6974420143430213
2025-01-11 17:00,1.692120937001142
2025-01-11 18:00,2.714545104804884
2025-01-11 19:00,2.7539109765356447
2025-01-11 20:00,2.3631440365445666
2025-01-11 21:00,3.211503548431769
2025-01-11 22:00,3.215647216851883
2025-01-11 23:00,4.177047949292503
2025-01-12 00:00,3.211259578734505
2025-01-12 01:00,3.7537729684106695
2025-01-12 02:00,4.068416580934057
2025-01-12 03:00,3.550988107352638
2025-01-12 04:00,4.564322594961274
2025-01-12 05:00,4.158571543588978
2025-01-12 06:00,4.53564016837807
2025-01-12 07:00,4.542265177460519
2025-01-12 08:00,4.367687882216245
2025-01-12 09:00,3.1446207368615755
2025-01-12 10:00,2.812575100326259
2025-01-12 11:00,2.0081996925092214
2025-01-12 12:00,2.0806468639170506
2025-01-12 13:00,2.1365721179806747
2025-01-12 14:00,2.9334809730797766
2025-01-12 15:00,2.3045617284894835
2025-01-12 16:00,1.738123033707362
2025-01-12 17:00,3.017796756498279
2025-01-12 18:00,3.915419513959683
2025-01-12 19:00,3.797923440947841
2025-01-12 20:00,4.669361667328017
2025-01-12 21:00,4.54752143151719
2025-01-12 22:00,5.226315733851173
2025-01-12 23:00,5.5309128239761876
2025-01-13 00:00,2.5285328551920103
2025-01-13 01:00,1.9358193470161993
2025-01-13 02:00,2.855533081414922
2025-01-13 03:00,2.585741216228977
2025-01-13 04:00,3.004733937586293
2025-01-13 05:00,2.7645392394082275
2025-01-13 06:00,2.9901759161877544
2025-01-13 07:00,2.0237504430945954
2025-01-13 08:00,2.0862487278268875
2025-01-13 09:00,0.9121531777725712
2025-01-13 10:00,0.8372462403607744
2025-01-13 11:00,1.4842999243037542
2025-01-13 12:00,3.0650175176885908
2025-01-13 13:00,3.3480932301620276
2025-01-13 14:00,3.0885186608352977
2025-01-13 15:00,2.5314352419272503
2025-01-13 16:00,4.621232980448214
2025-01-13 17:00,8.254158550612887
2025-01-13 18:00,9.002041219575075
2025-01-13 19:00,15.014282822592367
2025-01-13 20:00,16.376563473413547
2025-01-13 21:00,20.2760224165942
2025-01-13 22:00,21.496271499063937
2025-01-13 23:00,21.492259716425963
2025-01-14 00:00,33.11913487704385
2025-01-14 01:00,33.029470750973275
2025-01-14 02:00,34.34285670749075
2025-01-14 03:00,34.66443016638812
2025-01-14 04:00,34.07963710037187
2025-01-14 05:00,33.994234460224405
2025-01-14 06:00,34.86313278545036
2025-01-14 07:00,33.43539535164058
2025-01-14 08:00,33.24628737601311
2025-01-14 09:00,26.79178594172094
2025-01-14 10:00,14.821249475712886
2025-01-14 11:00,13.800680797323945
2025-01-14 12:00,15.014950023953336
2025-01-14 13:00,18.679392351479017
2025-01-14 14:00,18.324283226701187
2025-01-14 15:00,20.569576459474714
2025-01-14 16:00,23.504497652479763
2025-01-14 17:00,23.192223714421537
2025-01-14 18:00,21.801356402856296
2025-01-14 19:00,23.428309303076652
2025-01-14 20:00,30.907760383758927
2025-01-14 21:00,43.030792121970066
2025-01-14 22:00,49.737389818076196
2025-01-14 23:00,44.44093261319513
2025-01-15 00:00,45.741332723259646
2025-01-15 01:00,50.682849193952165
2025-01-15 02:00,49.99641679845591
2025-01-15 03:00,50.02816787977197
2025-01-15 04:00,53.18145721221343
2025-01-15 05:00,52.738515577959376
2025-01-15 06:00,52.44166481766686
2025-01-15 07:00,48.51804787344568
2025-01-15 08:00,50.26777693461623
2025-01-15 09:00,52.79611009110504
2025-01-15 10:00,51.30706773052037
2025-01-15 11:00,47.5688436316147
2025-01-15 12:00,45.21859182137622
2025-01-15 13:00,42.68417907109627
2025-01-15 14:00,41.87361102267798
2025-01-15 15:00,41.74305143722037
2025-01-15 16:00,41.23474240965491
2025-01-15 17:00,41.404769196353655
2025-01-15 18:00,42.210834855534785
2025-01-15 19:00,44.32061416143063
2025-01-15 20:00,42.3720499553686
2025-01-15 21:00,40.39022218326829
2025-01-15 22:00,32.948017946567234
2025-01-15 23:00,28.06689548712258
2025-01-16 00:00,14.301511452643076
2025-01-16 01:00,10.555427822646463
2025-01-16 02:00,6.469172476421437
2025-01-16 03:00,8.33428282764195
2025-01-16 04:00,14.342619549497641
2025-01-16 05:00,15.263858214740722
2025-01-16 06:00,14.215646353801535
2025-01-16 07:00,14.405699806495763
2025-01-16 08:00,17.790848214463004
2025-01-16 09:00,11.745099151301778
2025-01-16 10:00,11.044373229877092
2025-01-16 11:00,16.02672664969773
2025-01-16 12:00,14.841226498388888
2025-01-16 13:00,14.298797036601817
2025-01-16 14:00,14.69616183725031
2025-01-16 15:00,15.371558058747805
2025-01-16 16:00,15.966010792213304
2025-01-16 17:00,12.664588535468912
2025-01-16 18:00,11.987162750884753
2025-01-16 19:00,12.022483300233926
2025-01-16 20:00,12.219220304983097
2025-01-16 21:00,17.846745233126782
2025-01-16 22:00,19.90553572415031
2025-01-16 23:00,17.54923535355121
2025-01-17 00:00,12.736400995195826
2025-01-17 01:00,17.50664788117082
2025-01-17 02:00,22.621546280341306
2025-01-17 03:00,25.209778179062948
2025-01-17 04:00,19.514684448396277
2025-01-17 05:00,13.134860875503435
2025-01-17 06:00,10.230260818766578
2025-01-17 07:00,8.301185511332804
2025-01-17 08:00,6.884859419531841
2025-01-17 09:00,5.218780055871754
2025-01-17 10:00,4.668906879475768
2025-01-17 11:00,4.66703638862201
2025-01-17 12:00,5.436022347666382
2025-01-17 13:00,7.835787717713119
2025-01-17 14:00,8.6568288288905
2025-01-17 15:00,12.265217336762625
2025-01-17 16:00,16.380000582809267
2025-01-17 17:00,14.164253993777244
2025-01-17 18:00,12.538948770019605
2025-01-17 19:00,13.335770436540095
2025-01-17 20:00,11.416293141085628
2025-01-17 21:00,10.158149344737621
2025-01-17 22:00,10.605274382560264
2025-01-17 23:00,10.861902301955976
2025-01-18 00:00,4.26699172665103
2025-01-18 01:00,3.4677700551805755
2025-01-18 02:00,5.150597050527032
2025-01-18 03:00,6.15857085379793
2025-01-18 04:00,6.433055874662852
2025-01-18 05:00,4.747578225330061
2025-01-18 06:00,5.2346162340644655
2025-01-18 07:00,6.015741861306703
2025-01-18 08:00,5.053612637139347
2025-01-18 09:00,3.6343708065195575
2025-01-18 10:00,2.769583215015195
2025-01-18 11:00,2.5457334071512934
2025-01-18 12:00,2.8548967486274393
2025-01-18 13:00,3.1360267067487895
2025-01-18 14:00,2.661724185307984
2025-01-18 15:00,2.5929105383689217
2025-01-18 16:00,3.2046448247907717
2025-01-18 17:00,4.141548786058484
2025-01-18 18:00,4.649415669281707
2025-01-18 19:00,2.9293203886962855
2025-01-18 20:00,3.857939258968577
2025-01-18 21:00,2.7091120015834105
2025-01-18 22:00,3.004957905638337
2025-01-18 23:00,2.3468988953642507
2025-01-19 00:00,1.458018175524662
2025-01-19 01:00,2.5141399745536623
2025-01-19 02:00,2.645245074806428
2025-01-19 03:00,2.3349750309967217
2025-01-19 04:00,2.766279641352451
2025-01-19 05:00,3.359480110979137
2025-01-19 06:00,3.3055281380634707
2025-01-19 07:00,3.824698715229615
2025-01-19 08:00,4.664151611587796
2025-01-19 09:00,3.4864195280818775
2025-01-19 10:00,2.948024965971557
2025-01-19 11:00,3.8832654510579676
2025-01-19 12:00,3.063388747542121
2025-01-19 13:00,2.9059017203624906
2025-01-19 14:00,3.06313068459336
2025-01-19 15:00,2.8321552165495314
2025-01-19 16:00,3.1039357488050063
2025-01-19 17:00,4.634913300809908
2025-01-19 18:00,6.8734242928669715
2025-01-19 19:00,7.723290676830801
2025-01-19 20:00,6.905645550146673
2025-01-19 21:00,8.78319759912255
2025-01-19 22:00,7.760752919880627
2025-01-19 23:00,8.899545979720642
2025-01-20 00:00,3.64012026077355
2025-01-20 01:00,3.757356193076818
2025-01-20 02:00,3.9655227675450657
2025-01-20 03:00,3.4818609001692957
2025-01-20 04:00,4.140346252859604
2025-01-20 05:00,4.0905269823487815
2025-01-20 06:00,4.43363898339744
2025-01-20 07:00,3.8486892856453423
2025-01-20 08:00,3.9991190881130496
2025-01-20 09:00,3.7880151085117477
2025-01-20 10:00,3.9702818864998872
2025-01-20 11:00,3.7719232280869526
2025-01-20 12:00,4.472645611205953
2025-01-20 13:00,4.349275553896593
2025-01-20 14:00,4.3770227522007215
2025-01-20 15:00,4.8357077042709715
2025-01-20 16:00,5.043554054860197
2025-01-20 17:00,3.8627096782871657
2025-01-20 18:00,3.6556556957134774
2025-01-20 19:00,6.075667729294372
2025-01-20 20:00,7.65214989617128
2025-01-20 21:00,8.621300454099595
2025-01-20 22:00,8.93149278367245
2025-01-20 23:00,6.8246006381020425
2025-01-21 00:00,3.3186520685500973
2025-01-21 01:00,3.223236006182875
2025-01-21 02:00,3.407032608047683
2025-01-21 03:00,2.74475255644792
2025-01-21 04:00,3.730639179698718
2025-01-21 05:00,4.081654794066698
2025-01-21 06:00,4.238167941261564
2025-01-21 07:00,3.999505407895626
2025-01-21 08:00,4.113545805167446
2025-01-21 09:00,3.755132152412039
2025-01-21 10:00,3.764268719036587
2025-01-21 11:00,3.2836400387098017
2025-01-21 12:00,3.387933074754696
2025-01-21 13:00,4.031004910412674
2025-01-21 14:00,4.781244699783923
2025-01-21 15:00,4.87266300799609
2025-01-21 16:00,4.567527141304259
2025-01-21 17:00,3.664269383415405
2025-01-21 18:00,3.9928523622368597
2025-01-21 19:00,4.055059328293561
2025-01-21 20:00,3.836182658909837
2025-01-21 21:00,3.3154455873150885
2025-01-21 22:00,4.221518587596563
2025-01-21 23:00,5.2894791303206805
2025-01-22 00:00,2.5958076642505707
2025-01-22 01:00,2.7991765043200614
2025-01-22 02:00,3.360818376143224
2025-01-22 03:00,3.825893423585445
2025-01-22 04:00,6.660695417117784
2025-01-22 05:00,3.8126871409888796
2025-01-22 06:00,3.618999196512621
2025-01-22 07:00,3.48348869275107
2025-01-22 08:00,4.242160501342607
2025-01-22 09:00,4.3544231506055615
2025-01-22 10:00,4.7658115150270755
2025-01-22 11:00,5.5600547247038
2025-01-22 12:00,6.17188766049477
2025-01-22 13:00,5.494577922113543
2025-01-22 14:00,6.644596942524226
2025-01-22 15:00,7.279333367350995
2025-01-22 16:00,6.962144429713986
2025-01-22 17:00,6.751072876415474
2025-01-22 18:00,4.654778510948988
2025-01-22 19:00,4.1592645786137545
2025-01-22 20:00,4.154673001280591
2025-01-22 21:00,3.3466404162813794
2025-01-22 22:00,3.1926710024948792
2025-01-22 23:00,3.6525022121725965
2025-01-23 00:00,2.9180472270550872
2025-01-23 01:00,3.179654629890672
2025-01-23 02:00,3.9144097879828577
2025-01-23 03:00,4.994256165157225
2025-01-23 04:00,4.681306941909854
2025-01-23 05:00,4.5592254596328985
2025-01-23 06:00,5.353455151428616
2025-01-23 07:00,5.427033234789659
2025-01-23 08:00,3.795407812286827
2025-01-23 09:00,3.17969283676329
2025-01-23 10:00,3.416452954689817
2025-01-23 11:00,3.5335756714381255
2025-01-23 12:00,3.5639389564119313
2025-01-23 13:00,4.246245541249419
2025-01-23 14:00,6.030212056897156
2025-01-23 15:00,8.065557192461547
2025-01-23 16:00,8.881396006544309
2025-01-23 17:00,9.18007440302895
2025-01-23 18:00,9.173421207332558
2025-01-23 19:00,9.219260671283234
2025-01-23 20:00,7.04182357327363
2025-01-23 21:00,7.107597114029307
2025-01-23 22:00,7.3753097261858604
2025-01-23 23:00,6.804737417583317
2025-01-24 00:00,8.058592138263519
2025-01-24 01:00,4.6507069320203485
2025-01-24 02:00,4.4087267923962825
2025-01-24 03:00,5.667775732782559
2025-01-24 04:00,6.971705364899168
2025-01-24 05:00,6.51880552221835
2025-01-24 06:00,6.452569809034521
2025-01-24 07:00,6.3523456428213425
2025-01-24 08:00,5.967094749123214
2025-01-24 09:00,4.417208581214402
2025-01-24 10:00,3.693322073021237
2025-01-24 11:00,5.253742570714402
2025-01-24 12:00,7.26816293660601
2025-01-24 13:00,8.43749842270543
2025-01-24 14:00,11.772472671411151
2025-01-24 15:00,11.048451279348686
2025-01-24 16:00,14.547787791066368
2025-01-24 17:00,14.525126600180919
2025-01-24 18:00,16.448549554238042
2025-01-24 19:00,14.641251759494125
2025-01-24 20:00,11.974125114378698
2025-01-24 21:00,9.668824294996643
2025-01-24 22:00,11.302361860723604
2025-01-24 23:00,6.6558621496323696
2025-01-25 00:00,7.9487916014575095
2025-01-25 01:00,6.794478379752443
2025-01-25 02:00,7.612729701590496
2025-01-25 03:00,5.966354488770367
2025-01-25 04:00,6.936407867488885
2025-01-25 05:00,6.149511563500472
2025-01-25 06:00,7.305034694926897
2025-01-25 07:00,6.318722405992991
2025-01-25 08:00,5.66904537378375
2025-01-25 09:00,5.088701109784814
2025-01-25 10:00,5.830239235934938
2025-01-25 11:00,5.9955177930327626
2025-01-25 12:00,6.92989351784772
2025-01-25 13:00,5.667363108794953
2025-01-25 14:00,5.324570731242119
2025-01-25 15:00,9.844353186005705
2025-01-25 16:00,15.85670858186116
2025-01-25 17:00,11.381915784683777
2025-01-25 18:00,9.528134264190136
2025-01-25 19:00,9.568095483890842
2025-01-25 20:00,12.623364699792779
2025-01-25 21:00,10.78450706292383
2025-01-25 22:00,7.763596310727374
2025-01-25 23:00,8.167133460080134
2025-01-26 00:00,3.974435038211043
2025-01-26 01:00,3.489236171866804
2025-01-26 02:00,3.245242635105202
2025-01-26 03:00,3.470539028183155
2025-01-26 04:00,4.473883432832761
2025-01-26 05:00,3.700293632555041
2025-01-26 06:00,5.404655968927822
2025-01-26 07:00,4.70867355967941
2025-01-26 08:00,2.5356106522450412
2025-01-26 09:00,2.304863079148991
2025-01-26 10:00,1.523061672197505
2025-01-26 11:00,1.385146318400754
2025-01-26 12:00,1.6043652765569503
2025-01-26 13:00,2.095711627806022
2025-01-26 14:00,1.8753906409158287
2025-01-26 15:00,2.266774496412065
2025-01-26 16:00,1.961351551481799
2025-01-26 17:00,2.197495503369412
2025-01-26 18:00,3.128043784602553
2025-01-26 19:00,2.844908994955646
2025-01-26 20:00,2.9702915199663487
2025-01-26 21:00,2.668143432068763
2025-01-26 22:00,2.8234316742766143
2025-01-26 23:00,2.871262642733137
2025-01-27 00:00,12.21964169834521
2025-01-27 01:00,15.670745297169317
2025-01-27 02:00,13.829379015291828
2025-01-27 03:00,16.99603306151796
2025-01-27 04:00,27.314174180845697
2025-01-27 05:00,39.300651806838346
2025-01-27 06:00,39.63598567285939
2025-01-27 07:00,46.748163809186345
2025-01-27 08:00,46.42443378712073
2025-01-27 09:00,45.68230271741908
2025-01-27 10:00,46.65573965265732
2025-01-27 11:00,49.89885481132667
2025-01-27 12:00,48.13207514569537
2025-01-27 13:00,49.12051126306997
2025-01-27 14:00,51.967993657367316
2025-01-27 15:00,54.49237397564711
2025-01-27 16:00,54.499322635003175
2025-01-27 17:00,55.53764565835594
2025-01-27 18:00,55.874621708989906
2025-01-27 19:00,56.424754454343415
2025-01-27 20:00,56.63228063819932
2025-01-27 21:00,56.319741034757094
2025-01-27 22:00,56.432254493712094
2025-01-27 23:00,52.80930423141018
2025-01-28 00:00,52.599650012808844
2025-01-28 01:00,53.54488249006789
2025-01-28 02:00,53.24339756941385
2025-01-28 03:00,53.33844836722194
2025-01-28 04:00,53.20720543555984
2025-01-28 05:00,53.01846006200897
2025-01-28 06:00,53.61649220822906
2025-01-28 07:00,52.78909503335146
2025-01-28 08:00,51.68731776107789
2025-01-28 09:00,51.13821994083694
2025-01-28 10:00,51.883664182310696
2025-01-28 11:00,52.8848501471932
2025-01-28 12:00,51.90670586760425
2025-01-28 13:00,52.04269785039973
2025-01-28 14:00,51.862138525167786
2025-01-28 15:00,51.607834395234335
2025-01-28 16:00,52.299007617973515
2025-01-28 17:00,55.226108888527705
2025-01-28 18:00,55.84931045051658
2025-01-28 19:00,55.658380586634465
2025-01-28 20:00,55.933537263120854
2025-01-28 21:00,55.447316862754306
2025-01-28 22:00,54.72162162663147
2025-01-28 23:00,51.97163426833594
2025-01-29 00:00,54.09111136819999
2025-01-29 01:00,53.89505451127715
2025-01-29 02:00,51.140777561861455
2025-01-29 03:00,52.9581944930179
2025-01-29 04:00,54.53475627434389
2025-01-29 05:00,53.80188229840877
2025-01-29 06:00,52.78332271891225
2025-01-29 07:00,52.111262873853114
2025-01-29 08:00,52.35856142508156
2025-01-29 09:00,51.871952345143534
2025-01-29 10:00,50.96665818537842
2025-01-29 11:00,50.78187250160924
2025-01-29 12:00,50.04797308605008
2025-01-29 13:00,49.45565617256311
2025-01-29 14:00,48.52160549182672
2025-01-29 15:00,48.6975293081859
2025-01-29 16:00,49.04937938872783
2025-01-29 17:00,51.843110509486166
2025-01-29 18:00,52.35587116468058
2025-01-29 19:00,51.72013627686705
2025-01-29 20:00,52.56720075126535
2025-01-29 21:00,48.37960322116295
2025-01-29 22:00,39.56802125915124
2025-01-29 23:00,44.827245991415325
2025-01-30 00:00,23.802507400312734
2025-01-30 01:00,22.177843520426777
2025-01-30 02:00,18.326655097547984
2025-01-30 03:00,16.91169198914217
2025-01-30 04:00,11.212158012354132
2025-01-30 05:00,9.364828875697519
2025-01-30 06:00,8.78117792584089
2025-01-30 07:00,7.902595812714108
2025-01-30 08:00,7.649505141102462
2025-01-30 09:00,8.937592049625206
2025-01-30 10:00,6.175420345390907
2025-01-30 11:00,4.112019524407051
2025-01-30 12:00,2.248950445711861
2025-01-30 13:00,1.8875338397810482
2025-01-30 14:00,2.018870043531585
2025-01-30 15:00,4.5685984038018965
2025-01-30 16:00,3.3862386869053047
2025-01-30 17:00,2.803408680866897
2025-01-30 18:00,3.374839552688303
2025-01-30 19:00,4.295562056405369
2025-01-30 20:00,3.484950050336877
2025-01-30 21:00,2.620972635496813
2025-01-30 22:00,3.926042737306868
2025-01-30 23:00,5.2723498546319
2025-01-31 00:00,2.117021427776969
2025-01-31 01:00,3.4265369005993214
2025-01-31 02:00,2.8615432988600022
2025-01-31 03:00,3.5485326983891134
2025-01-31 04:00,3.783076139938591
2025-01-31 05:00,3.9129040835668896
2025-01-31 06:00,2.973126738813134
2025-01-31 07:00,3.1028376880545876
2025-01-31 08:00,2.571370427563695
2025-01-31 09:00,3.3568687901151435
2025-01-31 10:00,3.35828624013484
2025-01-31 11:00,4.056301249911934
2025-01-31 12:00,6.142194655888211
2025-01-31 13:00,5.905944397457203
2025-01-31 14:00,5.27451032251939
2025-01-31 15:00,4.50061080019141
2025-01-31 16:00,4.125203143870974
2025-01-31 17:00,4.71561081023815
2025-01-31 18:00,5.870712185955881
2025-01-31 19:00,9.125130034685892
2025-01-31 20:00,5.6388195969357024
2025-01-31 21:00,4.735880504925749
2025-01-31 22:00,5.0984979140564395
2025-01-31 23:00,4.608737337361558
2025-02-01 00:00,5.378593380269535
2025-02-01 01:00,4.190926215132917
2025-02-01 02:00,3.2898375830718516
2025-02-01 03:00,4.528706793392724
2025-02-01 04:00,4.548340097447371
2025-02-01 05:00,4.723271950802161
2025-02-01 06:00,4.818380550168306
2025-02-01 07:00,5.300434821332959
2025-02-01 08:00,5.269956849730981
2025-02-01 09:00,4.921353158995271
2025-02-01 10:00,4.501156823728595
2025-02-01 11:00,4.424567285121642
2025-02-01 12:00,6.956624618740293
2025-02-01 13:00,5.902020908046851
2025-02-01 14:00,5.84754058905949
2025-02-01 15:00,7.76214244160783
2025-02-01 16:00,8.206872595180144
2025-02-01 17:00,8.510040225989233
2025-02-01 18:00,7.825228438986132
2025-02-01 19:00,9.5998913311953
2025-02-01 20:00,10.36692221661081
2025-02-01 21:00,10.379606815716894
2025-02-01 22:00,12.013014986940068
2025-02-01 23:00,10.255875308210399
2025-02-02 00:00,8.688431951871923
2025-02-02 01:00,8.179009253752495
2025-02-02 02:00,8.84181986762323
2025-02-02 03:00,7.740353097661497
2025-02-02 04:00,5.767129697135352
2025-02-02 05:00,6.139112385535664
2025-02-02 06:00,6.586949091130032
2025-02-02 07:00,7.016827703509858
2025-02-02 08:00,6.451967373073646
2025-02-02 09:00,5.038361238349146
2025-02-02 10:00,5.921060708251044
2025-02-02 11:00,6.417177767531609
2025-02-02 12:00,5.02914537614854
2025-02-02 13:00,5.37843691455333
2025-02-02 14:00,7.634516340126325
2025-02-02 15:00,11.355498776740735
2025-02-02 16:00,14.400406205181579
2025-02-02 17:00,15.34587347749871
2025-02-02 18:00,20.165604245565053
2025-02-02 19:00,23.877666100045737
2025-02-02 20:00,23.95078376373315
2025-02-02 21:00,22.234143100821907
2025-02-02 22:00,21.46801486301968
2025-02-02 23:00,31.297070751701565
2025-02-03 00:00,40.45483201981949
2025-02-03 01:00,52.30224375748128
2025-02-03 02:00,51.85525079676367
2025-02-03 03:00,54.93340063292821
2025-02-03 04:00,56.64490280261616
2025-02-03 05:00,57.23480456350059
2025-02-03 06:00,56.70383194522845
2025-02-03 07:00,56.85245989974162
2025-02-03 08:00,57.103100327849035
2025-02-03 09:00,56.82325817893305
2025-02-03 10:00,55.24323557425403
2025-02-03 11:00,55.132988033991595
2025-02-03 12:00,55.80704768129651
2025-02-03 13:00,54.962205890680195
2025-02-03 14:00,55.14605906228174
2025-02-03 15:00,55.47998194913359
2025-02-03 16:00,56.996336115952055
2025-02-03 17:00,56.64474238374655
2025-02-03 18:00,57.823953034325896
2025-02-03 19:00,56.99716761562038
2025-02-03 20:00,57.09235769370507
2025-02-03 21:00,56.90750971141224
2025-02-03 22:00,57.18007249608163
2025-02-03 23:00,55.3966603314221
2025-02-04 00:00,54.3714245805774
2025-02-04 01:00,54.46787011975083
2025-02-04 02:00,54.06643763265497
2025-02-04 03:00,54.71777679995279
2025-02-04 04:00,54.60921545546105
2025-02-04 05:00,54.378072368559955
2025-02-04 06:00,54.472048915530124
2025-02-04 07:00,53.73756543786101
2025-02-04 08:00,52.85543632297305
2025-02-04 09:00,53.64714696165018
2025-02-04 10:00,53.68880068124189
2025-02-04 11:00,54.66843450645804
2025-02-04 12:00,53.27237503914028
2025-02-04 13:00,53.75638742107421
2025-02-04 14:00,53.62508078837146
2025-02-04 15:00,53.74129290924762
2025-02-04 16:00,54.826685362919655
2025-02-04 17:00,54.54388846286035
2025-02-04 18:00,53.794656759339446
2025-02-04 19:00,53.037455594222976
2025-02-04 20:00,54.13957083852709
2025-02-04 21:00,54.059012335721015
2025-02-04 22:00,51.61176960749536
2025-02-04 23:00,49.81106275724292
2025-02-05 00:00,48.492097019227046
2025-02-05 01:00,51.940100554099075
2025-02-05 02:00,52.27651773404314
2025-02-05 03:00,48.69885870092868
2025-02-05 04:00,47.858156611781354
2025-02-05 05:00,47.24725121381432
2025-02-05 06:00,40.69973955815062
2025-02-05 07:00,42.46803648362678
2025-02-05 08:00,32.874761818448405
2025-02-05 09:00,30.61859061592088
2025-02-05 10:00,26.622721031437933
2025-02-05 11:00,22.702059602440862
2025-02-05 12:00,27.383089667957876
2025-02-05 13:00,32.16374669808502
2025-02-05 14:00,37.328268857540635
2025-02-05 15:00,38.63206256122129
2025-02-05 16:00,39.14746411321614
2025-02-05 17:00,49.27749048303419
2025-02-05 18:00,50.78985548552784
2025-02-05 19:00,51.63769404120032
2025-02-05 20:00,50.23585827025874
2025-02-05 21:00,50.23573271845443
2025-02-05 22:00,50.19659958786693
2025-02-05 23:00,48.99748208606478
2025-02-06 00:00,52.136601421643945
2025-02-06 01:00,48.96307072863426
2025-02-06 02:00,45.74650755999741
2025-02-06 03:00,33.82519735739368
2025-02-06 04:00,26.819770786744908
2025-02-06 05:00,25.26599159331944
2025-02-06 06:00,26.140264631972016
2025-02-06 07:00,19.557000248507308
2025-02-06 08:00,16.633920901086523
2025-02-06 09:00,12.598659501835932
2025-02-06 10:00,14.02111214630526
2025-02-06 11:00,17.311650084202686
2025-02-06 12:00,23.07729270116635
2025-02-06 13:00,33.29291462221677
2025-02-06 14:00,35.287930499695115
2025-02-06 15:00,36.55373915936734
2025-02-06 16:00,32.999808400480944
2025-02-06 17:00,33.4129412157771
2025-02-06 18:00,44.63924870402491
2025-02-06 19:00,49.85115179351588
2025-02-06 20:00,50.478086295760946
2025-02-06 21:00,49.7673538158959
2025-02-06 22:00,51.44257703267763
2025-02-06 23:00,48.42543433751973
2025-02-07 00:00,31.453206338727163
2025-02-07 01:00,28.464661310853252
2025-02-07 02:00,33.231283934675474
2025-02-07 03:00,33.46394389479975
2025-02-07 04:00,32.59806055702078
2025-02-07 05:00,35.37721835237725
2025-02-07 06:00,41.3775470700802
2025-02-07 07:00,46.6988663096373
2025-02-07 08:00,57.18978885885226
2025-02-07 09:00,56.1592008899328
2025-02-07 10:00,55.7253155869777
2025-02-07 11:00,55.52109387266957
2025-02-07 12:00,56.98287121632001
2025-02-07 13:00,58.25339861302323
2025-02-07 14:00,57.631632048892364
2025-02-07 15:00,56.72868004772861
2025-02-07 16:00,57.68439104587586
2025-02-07 17:00,58.813121047978996
2025-02-07 18:00,58.2386944834829
2025-02-07 19:00,56.62516918677831
2025-02-07 20:00,56.37611060514932
2025-02-07 21:00,56.1509596116078
2025-02-07 22:00,55.385668950539454
2025-02-07 23:00,53.521144663872114
2025-02-08 00:00,51.62114772589543
2025-02-08 01:00,51.31683222895218
2025-02-08 02:00,48.90487418325405
2025-02-08 03:00,41.01115295848737
2025-02-08 04:00,44.538215353544814
2025-02-08 05:00,41.185719506269365
2025-02-08 06:00,42.09436447608007
2025-02-08 07:00,39.19232847165582
2025-02-08 08:00,38.0717419252348
2025-02-08 09:00,32.072395136237695
2025-02-08 10:00,35.47949590124804
2025-02-08 11:00,45.009962796837456
2025-02-08 12:00,46.57963605566786
2025-02-08 13:00,45.476542257983226
2025-02-08 14:00,46.540510853172265
2025-02-08 15:00,46.204788023064424
2025-02-08 16:00,46.161133599879236
2025-02-08 17:00,46.395949854033596
2025-02-08 18:00,35.485152565379835
2025-02-08 19:00,21.9071862656353
2025-02-08 20:00,16.933680863344904
2025-02-08 21:00,12.855228721237122
2025-02-08 22:00,10.294574593918885
2025-02-08 23:00,10.276380847030548
2025-02-09 00:00,4.4671671752089255
2025-02-09 01:00,2.7912114359020843
2025-02-09 02:00,2.5493824158599554
2025-02-09 03:00,2.876441645591766
2025-02-09 04:00,2.5386391500668433
2025-02-09 05:00,2.9142789950327135
2025-02-09 06:00,3.837093956173545
2025-02-09 07:00,4.583928740356878
2025-02-09 08:00,4.107007578913779
2025-02-09 09:00,3.0837699557920013
2025-02-09 10:00,1.9478127623552979
2025-02-09 11:00,1.434072574084718
2025-02-09 12:00,2.051322607453657
2025-02-09 13:00,1.2755031259059861
2025-02-09 14:00,1.218328334777501
2025-02-09 15:00,2.58650737998584
2025-02-09 16:00,4.451659080574408
2025-02-09 17:00,6.714383053162825
2025-02-09 18:00,8.45091299867704
2025-02-09 19:00,11.992824631595095
2025-02-09 20:00,12.706895231645547
2025-02-09 21:00,10.892786695107517
2025-02-09 22:00,11.293497277778936
2025-02-09 23:00,9.531718517643657
2025-02-10 00:00,14.118428207597765
2025-02-10 01:00,13.48945966131362
2025-02-10 02:00,13.699411791001394
2025-02-10 03:00,11.564812523967682
2025-02-10 04:00,10.943384210089945
2025-02-10 05:00,6.185361149597655
2025-02-10 06:00,5.45792771080464
2025-02-10 07:00,7.219047105642429
2025-02-10 08:00,4.312881107664924
2025-02-10 09:00,4.170785494590671
2025-02-10 10:00,3.6206197662168726
2025-02-10 11:00,3.1339904170068626
2025-02-10 12:00,2.82895949726424
2025-02-10 13:00,3.7589150868857564
2025-02-10 14:00,6.458542907132566
2025-02-10 15:00,8.980091804966634
2025-02-10 16:00,10.920643741239036
2025-02-10 17:00,10.835575511316584
2025-02-10 18:00,10.629879368788634
2025-02-10 19:00,9.070670287703324
2025-02-10 20:00,6.948401107428927
2025-02-10 21:00,3.204305550357436
2025-02-10 22:00,1.3768084162659833
2025-02-10 23:00,1.3939271197258374
2025-02-11 00:00,2.401579180305734
2025-02-11 01:00,2.6396386885263246
2025-02-11 02:00,2.6725133131837486
2025-02-11 03:00,2.7270459966736453
2025-02-11 04:00,2.9978062476730383
2025-02-11 05:00,2.8860301830063566
2025-02-11 06:00,3.1067990281787745
2025-02-11 07:00,3.293070456029281
2025-02-11 08:00,2.8749560221497346
2025-02-11 09:00,3.5144575405204894
2025-02-11 10:00,3.2246622145330277
2025-02-11 11:00,2.407466434197817
2025-02-11 12:00,0.9888401460042644
2025-02-11 13:00,1.4089646174393453
2025-02-11 14:00,1.199092906974162
2025-02-11 15:00,1.1130036160025043
2025-02-11 16:00,1.3741466866145908
2025-02-11 17:00,2.9497735676740793
2025-02-11 18:00,2.275073582710003
2025-02-11 19:00,2.9303444368815708
2025-02-11 20:00,2.910267803170111
2025-02-11 21:00,6.032566214756502
2025-02-11 22:00,7.355311428719201
2025-02-11 23:00,4.83277561862669
2025-02-12 00:00,5.666258741711783
2025-02-12 01:00,5.784816382953964
2025-02-12 02:00,7.2616161841485285
2025-02-12 03:00,10.147114545997962
2025-02-12 04:00,11.771856309486338
2025-02-12 05:00,10.641923107038217
2025-02-12 06:00,14.311728833781961
2025-02-12 07:00,16.11634492060189
2025-02-12 08:00,19.700787990002215
2025-02-12 09:00,13.493613154360702
2025-02-12 10:00,12.262141298651121
2025-02-12 11:00,12.508674947689524
2025-02-12 12:00,12.591467028252717
2025-02-12 13:00,19.279735113742507
2025-02-12 14:00,29.72950575003251
2025-02-12 15:00,35.97878363736322
2025-02-12 16:00,41.797162583429426
2025-02-12 17:00,53.93199473112698
2025-02-12 18:00,55.10607881719684
2025-02-12 19:00,54.320231576985485
2025-02-12 20:00,53.78119593044947
2025-02-12 21:00,52.80971079158551
2025-02-12 22:00,53.11891123338181
2025-02-12 23:00,51.66212586192475
2025-02-13 00:00,49.8301807939213
2025-02-13 01:00,50.98824936461878
2025-02-13 02:00,48.849379319410446
2025-02-13 03:00,42.77270575794451
2025-02-13 04:00,28.057892552707006
2025-02-13 05:00,17.32221063986666
2025-02-13 06:00,13.683891720611186
2025-02-13 07:00,10.005389235424294
2025-02-13 08:00,6.5367295036148
2025-02-13 09:00,6.633847996791821
2025-02-13 10:00,5.023976077722494
2025-02-13 11:00,6.296707309020666
2025-02-13 12:00,8.960531871321312
2025-02-13 13:00,12.492669674089912
2025-02-13 14:00,11.590275832461852
2025-02-13 15:00,14.76428093742033
2025-02-13 16:00,14.689796409315832
2025-02-13 17:00,14.421212295856176
2025-02-13 18:00,11.850805070022243
2025-02-13 19:00,9.884201132413228
2025-02-13 20:00,9.754440069522381
2025-02-13 21:00,10.32584245566088
2025-02-13 22:00,10.145687213331517
2025-02-13 23:00,10.748375802736344
2025-02-14 00:00,5.445392319299927
2025-02-14 01:00,8.509029154647555
2025-02-14 02:00,9.776119397526763
2025-02-14 03:00,11.886657576843056
2025-02-14 04:00,11.448858076211772
2025-02-14 05:00,7.433362942722139
2025-02-14 06:00,4.345940391856244
2025-02-14 07:00,4.137286109954933
2025-02-14 08:00,3.4070924639810647
2025-02-14 09:00,2.164154051432674
2025-02-14 10:00,2.1669886865429118
2025-02-14 11:00,4.02665370724603
2025-02-14 12:00,4.875110126595407
2025-02-14 13:00,5.162746317357674
2025-02-14 14:00,5.130748834268314
2025-02-14 15:00,5.25732284409921
2025-02-14 16:00,4.9516572911363
2025-02-14 17:00,4.581376115249108
2025-02-14 18:00,2.608922342944071
2025-02-14 19:00,2.635329878232136
2025-02-14 20:00,2.9040054971463727
2025-02-14 21:00,3.972361620567404
2025-02-14 22:00,3.8700310493909558
2025-02-14 23:00,5.122588195351898
2025-02-15 00:00,1.8117652311183927
2025-02-15 01:00,2.096019724474772
2025-02-15 02:00,2.080436309913069
2025-02-15 03:00,2.5458373257672573
2025-02-15 04:00,2.8652340092175157
2025-02-15 05:00,3.2696856560743157
2025-02-15 06:00,1.9893779955518567
2025-02-15 07:00,1.9506675124711765
2025-02-15 08:00,0.8343309374794217
2025-02-15 09:00,0.3756165431759353
2025-02-15 10:00,0.7700169005615971
2025-02-15 11:00,1.818304883630874
2025-02-15 12:00,1.9698402575858993
2025-02-15 13:00,2.889140215227166
2025-02-15 14:00,3.978157605136858
2025-02-15 15:00,4.441471239010047
2025-02-15 16:00,4.118298150645176
2025-02-15 17:00,3.215299417864398
2025-02-15 18:00,3.467808176675282
2025-02-15 19:00,1.5978347222940221
2025-02-15 20:00,1.5315622467085492
2025-02-15 21:00,2.6498529921156733
2025-02-15 22:00,3.0954134207215973
2025-02-15 23:00,3.2623839720600722
2025-02-16 00:00,1.6092916143810463
2025-02-16 01:00,1.7572366834394155
2025-02-16 02:00,3.1048312993503275
2025-02-16 03:00,4.792659413712318
2025-02-16 04:00,3.476641897956433
2025-02-16 05:00,3.432915088328726
2025-02-16 06:00,3.8781322756881194
2025-02-16 07:00,3.805894264160816
2025-02-16 08:00,4.569985449219651
2025-02-16 09:00,5.166426697541363
2025-02-16 10:00,7.516129157241069
2025-02-16 11:00,16.755170815273466
2025-02-16 12:00,17.51835515795112
2025-02-16 13:00,20.777596975051914
2025-02-16 14:00,26.63073953647185
2025-02-16 15:00,30.586985935036218
2025-02-16 16:00,25.68042735692824
2025-02-16 17:00,24.535845198351517
2025-02-16 18:00,26.723999687613354
2025-02-16 19:00,28.13188896468384
2025-02-16 20:00,35.71278469173083
2025-02-16 21:00,42.41427481489124
2025-02-16 22:00,46.84832668808204
2025-02-16 23:00,46.52923248479735
2025-02-17 00:00,54.34629138909044
2025-02-17 01:00,54.41151567400711
2025-02-17 02:00,53.677595708920094
2025-02-17 03:00,53.17710649118664
2025-02-17 04:00,52.1168781383072
2025-02-17 05:00,52.33826354068049
2025-02-17 06:00,51.84523236746027
2025-02-17 07:00,50.985538114716675
2025-02-17 08:00,50.08356488358863
2025-02-17 09:00,50.37079189662544
2025-02-17 10:00,49.85379038700974
2025-02-17 11:00,49.43222827932041
2025-02-17 12:00,49.614535675786705
2025-02-17 13:00,47.713519413784525
2025-02-17 14:00,47.706035894706424
2025-02-17 15:00,46.69965395045207
2025-02-17 16:00,48.123820381350434
2025-02-17 17:00,49.285303218313615
2025-02-17 18:00,50.2384366977754
2025-02-17 19:00,49.0392780836989
2025-02-17 20:00,50.27320337029159
2025-02-17 21:00,50.418886986953844
2025-02-17 22:00,50.256834194918156
2025-02-17 23:00,48.738383540053135
2025-02-18 00:00,49.964466530474695
2025-02-18 01:00,45.184901221759375
2025-02-18 02:00,44.02906376899719
2025-02-18 03:00,42.58256757261978
2025-02-18 04:00,44.142792886593654
2025-02-18 05:00,48.24649225410165
2025-02-18 06:00,43.74725606650967
2025-02-18 07:00,42.13869019694563
2025-02-18 08:00,43.16391386396744
2025-02-18 09:00,46.060514807621246
2025-02-18 10:00,45.06056769237018
2025-02-18 11:00,45.06910221060531
2025-02-18 12:00,43.53237990927761
2025-02-18 13:00,42.918418246254674
2025-02-18 14:00,43.88233731067595
2025-02-18 15:00,44.70920243753679
2025-02-18 16:00,44.927155632013054
2025-02-18 17:00,47.557313815122484
2025-02-18 18:00,47.75339003666828
2025-02-18 19:00,47.959229845588595
2025-02-18 20:00,49.03150687804915
2025-02-18 21:00,49.1694450839559
2025-02-18 22:00,50.18011152319248
2025-02-18 23:00,49.300251716008724
2025-02-19 00:00,50.47294375515801
2025-02-19 01:00,51.689269181068624
2025-02-19 02:00,48.642914764051945
2025-02-19 03:00,39.42783311508238
2025-02-19 04:00,41.02417081930935
2025-02-19 05:00,50.32067517794047
2025-02-19 06:00,51.82102072258289
2025-02-19 07:00,50.378131470395466
2025-02-19 08:00,53.267049668081725
2025-02-19 09:00,51.97683868645684
2025-02-19 10:00,50.154113425675874
2025-02-19 11:00,49.766912248925266
2025-02-19 12:00,49.190807560728175
2025-02-19 13:00,48.152206643798046
2025-02-19 14:00,47.7032982935386
2025-02-19 15:00,46.99762152547709
2025-02-19 16:00,47.52824488970761
2025-02-19 17:00,49.48603439366875
2025-02-19 18:00,50.56944878889469
2025-02-19 19:00,48.45668796060605
2025-02-19 20:00,47.71741172470236
2025-02-19 21:00,46.630796123631995
2025-02-19 22:00,46.34009388670111
2025-02-19 23:00,45.665583595372524
2025-02-20 00:00,27.785821295232594
2025-02-20 01:00,29.828240704060903
2025-02-20 02:00,29.030901598883535
2025-02-20 03:00,23.962167290979117
2025-02-20 04:00,20.250178426919284
2025-02-20 05:00,19.498128323808533
2025-02-20 06:00,19.1308761214159
2025-02-20 07:00,18.92424922394618
2025-02-20 08:00,17.23830254136746
2025-02-20 09:00,21.442610926346152
2025-02-20 10:00,23.296081095016493
2025-02-20 11:00,32.0739739142744
2025-02-20 12:00,33.51983412475989
2025-02-20 13:00,34.62299402752866
2025-02-20 14:00,38.346775104218125
2025-02-20 15:00,40.5825419051838
2025-02-20 16:00,43.132328701084354
2025-02-20 17:00,43.465925994408366
2025-02-20 18:00,43.71838020442563
2025-02-20 19:00,42.991483028366346
2025-02-20 20:00,44.88794153076756
2025-02-20 21:00,45.750668480767686
2025-02-20 22:00,47.12903658980682
2025-02-20 23:00,47.562797062444
2025-02-21 00:00,47.65531445531593
2025-02-21 01:00,42.076131712235956
2025-02-21 02:00,37.407784172465
2025-02-21 03:00,28.512965954317494
2025-02-21 04:00,28.62192869125024
2025-02-21 05:00,28.24242144992526
2025-02-21 06:00,26.11327967955043
2025-02-21 07:00,22.692833724390034
2025-02-21 08:00,20.362118895991742
2025-02-21 09:00,22.79578484560309
2025-02-21 10:00,24.01706188828043
2025-02-21 11:00,21.09255809360276
2025-02-21 12:00,19.75080160924547
2025-02-21 13:00,22.443459492062082
2025-02-21 14:00,24.388960454258523
2025-02-21 15:00,27.801059823351416
2025-02-21 16:00,30.54048304785829
2025-02-21 17:00,34.109314832940726
2025-02-21 18:00,34.1416851618429
2025-02-21 19:00,37.56233026438254
2025-02-21 20:00,35.781064269078776
2025-02-21 21:00,32.84571765868415
2025-02-21 22:00,34.78483206765608
2025-02-21 23:00,37.91841588467736
2025-02-22 00:00,36.919471954821496
2025-02-22 01:00,30.54358028297412
2025-02-22 02:00,40.50346701645889
2025-02-22 03:00,52.07544245994819
2025-02-22 04:00,49.23995105472925
2025-02-22 05:00,50.69625583865637
2025-02-22 06:00,47.44134504169979
2025-02-22 07:00,45.52343136155144
2025-02-22 08:00,32.401736022821076
2025-02-22 09:00,34.229113925882174
2025-02-22 10:00,35.160999910619545
2025-02-22 11:00,28.338981757375585
2025-02-22 12:00,26.050027201740036
2025-02-22 13:00,29.440989644743
2025-02-22 14:00,33.04138997015288
2025-02-22 15:00,35.33440674670225
2025-02-22 16:00,37.024201818649956
2025-02-22 17:00,38.54465676543755
2025-02-22 18:00,38.518056151254385
2025-02-22 19:00,37.44614947134251
2025-02-22 20:00,38.48381651692708
2025-02-22 21:00,38.126554245782415
2025-02-22 22:00,40.66537565217601
2025-02-22 23:00,42.267595796892635
2025-02-23 00:00,44.664229694057084
2025-02-23 01:00,48.15708404686126
2025-02-23 02:00,44.83937192115494
2025-02-23 03:00,29.878044493397766
2025-02-23 04:00,26.829672832199343
2025-02-23 05:00,25.669245987795023
2025-02-23 06:00,22.24636418016718
2025-02-23 07:00,33.889937098398846
2025-02-23 08:00,45.37937539310322
2025-02-23 09:00,48.40332074341944
2025-02-23 10:00,46.547030121891794
2025-02-23 11:00,46.05472823764937
2025-02-23 12:00,48.620306951635996
2025-02-23 13:00,46.94688934427725
2025-02-23 14:00,49.731525818167164
2025-02-23 15:00,50.54964053429202
2025-02-23 16:00,51.192024539516886
2025-02-23 17:00,52.21132822582848
2025-02-23 18:00,53.68288927433203
2025-02-23 19:00,52.94132655971996
2025-02-23 20:00,52.504287867579535
2025-02-23 21:00,53.14811976826701
2025-02-23 22:00,52.6404689413105
2025-02-23 23:00,52.49458303115503
2025-02-24 00:00,46.693207994759895
2025-02-24 01:00,47.57465603599465
2025-02-24 02:00,41.50774567345029
2025-02-24 03:00,29.401092121307748
2025-02-24 04:00,25.438228501985094
2025-02-24 05:00,24.586614942651913
2025-02-24 06:00,19.2967083577547
2025-02-24 07:00,15.354548672934222
2025-02-24 08:00,13.588953934197477
2025-02-24 09:00,14.99989853172515
2025-02-24 10:00,19.726706158456743
2025-02-24 11:00,22.17249620491816
2025-02-24 12:00,17.370765909872574
2025-02-24 13:00,17.694729718164407
2025-02-24 14:00,18.087939471304985
2025-02-24 15:00,16.05751788456383
2025-02-24 16:00,17.419460428711652
2025-02-24 17:00,17.424171711002813
2025-02-24 18:00,18.08330506498628
2025-02-24 19:00,13.716843561530846
2025-02-24 20:00,12.339185701995767
2025-02-24 21:00,12.237673187229777
2025-02-24 22:00,3.3043949867579414
2025-02-24 23:00,3.3077923900763633
2025-02-25 00:00,1.398422173193093
2025-02-25 01:00,2.1586514804463235
2025-02-25 02:00,2.7763262496272962
2025-02-25 03:00,3.13671810499918
2025-02-25 04:00,4.572465508612495
2025-02-25 05:00,4.620275676455023
2025-02-25 06:00,4.640698686548542
2025-02-25 07:00,6.155708926108492
2025-02-25 08:00,5.286741651322748
2025-02-25 09:00,3.8042428552892353
2025-02-25 10:00,5.0455782288847555
2025-02-25 11:00,5.622589232208545
2025-02-25 12:00,7.810757774242444
2025-02-25 13:00,8.250763847120215
2025-02-25 14:00,8.42815446309095
2025-02-25 15:00,9.462128839045203
2025-02-25 16:00,10.542563406811468
2025-02-25 17:00,16.41174502893639
2025-02-25 18:00,9.580785065710092
2025-02-25 19:00,8.96817706303924
2025-02-25 20:00,12.92435831283795
2025-02-25 21:00,14.067930919118844
2025-02-25 22:00,12.703868094625472
2025-02-25 23:00,10.435967999239601
2025-02-26 00:00,10.13999216781709
2025-02-26 01:00,9.611571921494457
2025-02-26 02:00,9.717031607542419
2025-02-26 03:00,9.675979574966505
2025-02-26 04:00,14.922431329470871
2025-02-26 05:00,12.722738817660666
2025-02-26 06:00,15.511923655241322
2025-02-26 07:00,17.404265547721643
2025-02-26 08:00,14.471102716121667
2025-02-26 09:00,15.883549778818663
2025-02-26 10:00,12.110213354473185
2025-02-26 11:00,11.769122910680457
2025-02-26 12:00,10.82317994380152
2025-02-26 13:00,10.87321307059888
2025-02-26 14:00,10.433032713380028
2025-02-26 15:00,9.160013003696353
2025-02-26 16:00,7.079835343014754
2025-02-26 17:00,4.173923074887195
2025-02-26 18:00,2.831401864123661
2025-02-26 19:00,2.184483568019278
2025-02-26 20:00,2.3095170943806167
2025-02-26 21:00,2.550330034773047
2025-02-26 22:00,2.3704307528790807
2025-02-26 23:00,2.440747072248895
2025-02-27 00:00,0.214498289482764
2025-02-27 01:00,0.3824708353671265
2025-02-27 02:00,0.304827266770695
2025-02-27 03:00,0.8866142607110972
2025-02-27 04:00,1.0895002734915793
2025-02-27 05:00,1.205636105562098
2025-02-27 06:00,1.3293634987897673
2025-02-27 07:00,1.0114550580021322
2025-02-27 08:00,0.6226072074363642
2025-02-27 09:00,0.24295929618562964
2025-02-27 10:00,0.29524006617584736
2025-02-27 11:00,0.5681456426231596
2025-02-27 12:00,3.8570745993829005
2025-02-27 13:00,2.2919453783330477
2025-02-27 14:00,1.6878549190961258
2025-02-27 15:00,3.303149607537774
2025-02-27 16:00,3.093445188933467
2025-02-27 17:00,2.5077010470222603
2025-02-27 18:00,2.0007159452895587
2025-02-27 19:00,0.9746706020014211
2025-02-27 20:00,1.3964440470444914
2025-02-27 21:00,2.111286323718184
2025-02-27 22:00,1.8999708177208512
2025-02-27 23:00,2.3199532297951144
2025-02-28 00:00,3.1545482870858588
2025-02-28 01:00,3.0399836967476785
2025-02-28 02:00,1.5490098084711683
2025-02-28 03:00,1.95189947960243
2025-02-28 04:00,1.768533851663225
2025-02-28 05:00,2.6962608332293185
2025-02-28 06:00,3.1589486234594606
2025-02-28 07:00,1.7789432232367113
2025-02-28 08:00,1.2929590837546814
2025-02-28 09:00,1.3973774859175871
2025-02-28 10:00,1.5758912777710123
2025-02-28 11:00,1.9727066127726203
2025-02-28 12:00,2.884919761405346
2025-02-28 13:00,4.858214800005456
2025-02-28 14:00,4.078779166176484
2025-02-28 15:00,4.380324612199184
2025-02-28 16:00,3.7691328268722173
2025-02-28 17:00,3.7003265851620775
2025-02-28 18:00,3.168917566862631
2025-02-28 19:00,2.260674249773582
2025-02-28 20:00,2.2748668725841634
2025-02-28 21:00,2.428430565480917
2025-02-28 22:00,2.3677493691467966
2025-02-28 23:00,2.7537287479549
2025-03-01 00:00,1.8484215478618908
2025-03-01 01:00,2.8887773454877808
2025-03-01 02:00,3.0994090520525086
2025-03-01 03:00,3.3065793895592686
2025-03-01 04:00,3.495373189005221
2025-03-01 05:00,3.2163303709972446
2025-03-01 06:00,2.898527935321221
2025-03-01 07:00,2.3563229624878788
2025-03-01 08:00,2.5527235603698815
2025-03-01 09:00,1.4674862108774338
2025-03-01 10:00,0.9937106328252067
2025-03-01 11:00,0.9973279041224123
2025-03-01 12:00,0.8543938138078897
2025-03-01 13:00,1.756817956301699
2025-03-01 14:00,2.1849267549436973
2025-03-01 15:00,9.664741215620797
2025-03-01 16:00,11.158356477753587
2025-03-01 17:00,9.095189407311493
2025-03-01 18:00,8.411177639607132
2025-03-01 19:00,6.682930069820131
2025-03-01 20:00,10.428613922991511
2025-03-01 21:00,8.872314100191808
2025-03-01 22:00,7.6258741939729155
2025-03-01 23:00,7.175382645664565
2025-03-02 00:00,8.465029137435398
2025-03-02 01:00,7.698718375475708
2025-03-02 02:00,8.14355904627439
2025-03-02 03:00,6.258634776057555
2025-03-02 04:00,5.85135121355931
2025-03-02 05:00,7.663083863378675
2025-03-02 06:00,8.37403016039967
2025-03-02 07:00,9.187451923058958
2025-03-02 08:00,7.332210280162046
2025-03-02 09:00,6.310355222798747
2025-03-02 10:00,4.408536055636457
2025-03-02 11:00,3.21867082997505
2025-03-02 12:00,3.130321609757443
2025-03-02 13:00,3.672323926688536
2025-03-02 14:00,4.5949201615679724
2025-03-02 15:00,5.835666943573821
2025-03-02 16:00,9.348994334801311
2025-03-02 17:00,10.643118250410513
2025-03-02 18:00,15.735572486995196
2025-03-02 19:00,22.252342011727485
2025-03-02 20:00,25.57364709869113
2025-03-02 21:00,21.978742500764234
2025-03-02 22:00,22.939715972735538
2025-03-02 23:00,31.512867382036426
2025-03-03 00:00,47.0160424659563
2025-03-03 01:00,49.33733379093208
2025-03-03 02:00,47.683355735335304
2025-03-03 03:00,45.43115256174649
2025-03-03 04:00,45.941136072580264
2025-03-03 05:00,47.33035016110854
2025-03-03 06:00,45.82467157216717
2025-03-03 07:00,44.90699642019689
2025-03-03 08:00,46.62554578684208
2025-03-03 09:00,46.52405549333329
2025-03-03 10:00,44.90656632611393
2025-03-03 11:00,42.572311101898606
2025-03-03 12:00,43.03355669619445
2025-03-03 13:00,44.21466397016599
2025-03-03 14:00,41.813484341948104
2025-03-03 15:00,41.3753250274527
2025-03-03 16:00,41.70746659886109
2025-03-03 17:00,39.834694849059275
2025-03-03 18:00,35.628828488138645
2025-03-03 19:00,34.80975600687616
2025-03-03 20:00,33.2978368342409
2025-03-03 21:00,26.571666824798292
2025-03-03 22:00,25.211886598675328
2025-03-03 23:00,23.29054030453232
2025-03-04 00:00,17.331686061261003
2025-03-04 01:00,17.46720406606323
2025-03-04 02:00,19.05075955373284
2025-03-04 03:00,29.346165137031104
2025-03-04 04:00,32.09620097968645
2025-03-04 05:00,29.81047062085095
2025-03-04 06:00,32.819172820183525
2025-03-04 07:00,30.11398811415315
2025-03-04 08:00,28.671422996710874
2025-03-04 09:00,30.170358328917818
2025-03-04 10:00,21.99748115961375
2025-03-04 11:00,19.565457355598273
2025-03-04 12:00,24.287891746847095
2025-03-04 13:00,25.169510872568083
2025-03-04 14:00,22.37906960947393
2025-03-04 15:00,23.58912433815826
2025-03-04 16:00,26.748233510534696
2025-03-04 17:00,22.379501776518175
2025-03-04 18:00,26.602289198019434
2025-03-04 19:00,24.351390486967524
2025-03-04 20:00,27.961893720900527
2025-03-04 21:00,28.45468530307226
2025-03-04 22:00,20.395989838298778
2025-03-04 23:00,18.962578527815083
2025-03-05 00:00,8.881393170721996
2025-03-05 01:00,7.430396024358123
2025-03-05 02:00,8.704029372826145
2025-03-05 03:00,9.284870405682778
2025-03-05 04:00,8.527836136676031
2025-03-05 05:00,7.251400043044181
2025-03-05 06:00,7.68897271335926
2025-03-05 07:00,7.828331155164662
2025-03-05 08:00,8.653424850015714
2025-03-05 09:00,7.794621468645942
2025-03-05 10:00,7.872638038395108
2025-03-05 11:00,8.170125575740123
2025-03-05 12:00,7.6930090174506915
2025-03-05 13:00,10.689212163594389
2025-03-05 14:00,10.577263631192164
2025-03-05 15:00,11.479636565990308
2025-03-05 16:00,9.240040550971205
2025-03-05 17:00,10.40454217153964
2025-03-05 18:00,14.472277927206544
2025-03-05 19:00,24.66497824617562
2025-03-05 20:00,25.32087640144608
2025-03-05 21:00,23.097051764725187
2025-03-05 22:00,14.829956994735268
2025-03-05 23:00,15.884810652910438
2025-03-06 00:00,18.770739148463825
2025-03-06 01:00,17.56081827552817
2025-03-06 02:00,16.73023349843155
2025-03-06 03:00,19.151213786672372
2025-03-06 04:00,18.184367635233983
2025-03-06 05:00,17.28890361758925
2025-03-06 06:00,16.696461612498343
2025-03-06 07:00,12.913672564068074
2025-03-06 08:00,10.386125657209728
2025-03-06 09:00,11.69098013789155
2025-03-06 10:00,13.42734575249439
2025-03-06 11:00,24.529546860502553
2025-03-06 12:00,25.600852481171216
2025-03-06 13:00,26.614696995660466
2025-03-06 14:00,27.759225453324753
2025-03-06 15:00,28.801627271206925
2025-03-06 16:00,28.902260123910324
2025-03-06 17:00,30.570292206797433
2025-03-06 18:00,29.96166656858665
2025-03-06 19:00,22.952463768262938
2025-03-06 20:00,18.283596547854792
2025-03-06 21:00,9.078246524633562
2025-03-06 22:00,8.250813751601566
2025-03-06 23:00,8.066222395014876
2025-03-07 00:00,5.352742195302378
2025-03-07 01:00,1.4775191123779614
2025-03-07 02:00,1.7288906250708465
2025-03-07 03:00,1.0664802042702406
2025-03-07 04:00,1.0225273252874396
2025-03-07 05:00,0.9725814861836015
2025-03-07 06:00,1.0035412639427774
2025-03-07 07:00,1.3915345211471135
2025-03-07 08:00,0.35654206819689716
2025-03-07 09:00,0.16733414273514502
2025-03-07 10:00,0.25798108113009705
2025-03-07 11:00,0.31487535161677027
2025-03-07 12:00,0.24067761280263245
2025-03-07 13:00,1.9498043353064558
2025-03-07 14:00,2.8170793655134903
2025-03-07 15:00,4.165141779704568
2025-03-07 16:00,6.145331410067578
2025-03-07 17:00,6.013421121259805
2025-03-07 18:00,4.488527454264673
2025-03-07 19:00,2.957805698242147
2025-03-07 20:00,1.4382687065158337
2025-03-07 21:00,0.7830955157019506
2025-03-07 22:00,0.4363226331211007
2025-03-07 23:00,0.17747932888248014
2025-03-08 00:00,0.05281691813233663
2025-03-08 01:00,0.0383036893871186
2025-03-08 02:00,0.32401342792206167
2025-03-08 03:00,0.3692570167587289
2025-03-08 04:00,0.7970442979116441
2025-03-08 05:00,0.875446805599437
2025-03-08 06:00,0.8067549868508672
2025-03-08 07:00,0.40671006925898867
2025-03-08 08:00,0.4704085174105305
2025-03-08 09:00,0.35895645399963727
2025-03-08 10:00,0.474443209240301
2025-03-08 11:00,0.23233637307403732
2025-03-08 12:00,0.18849028933375245
2025-03-08 13:00,0.5706011254086137
2025-03-08 14:00,1.9945759299382022
2025-03-08 15:00,3.2177935078533726
2025-03-08 16:00,3.6202679985808333
2025-03-08 17:00,2.9247320535515895
2025-03-08 18:00,2.1623616081106567
2025-03-08 19:00,0.8796816167734558
2025-03-08 20:00,0.5523452392192014
2025-03-08 21:00,0.6140782274045009
2025-03-08 22:00,0.6153800054919675
2025-03-08 23:00,0.0
2025-03-09 00:00,0.5421445552902381
2025-03-09 01:00,0.277382362266724
2025-03-09 02:00,0.16865441664510736
2025-03-09 03:00,0.2196596906368847
2025-03-09 04:00,0.10526447320717999
2025-03-09 05:00,0.4254490770422787
2025-03-09 06:00,0.6754061467052009
2025-03-09 07:00,0.8066467333613251
2025-03-09 08:00,0.40669307896914864
2025-03-09 09:00,0.12232326021961921
2025-03-09 10:00,0.2592381797885778
2025-03-09 11:00,0.4117887038291973
2025-03-09 12:00,1.063280665505999
2025-03-09 13:00,1.646688533218264
2025-03-09 14:00,2.8922584948104064
2025-03-09 15:00,3.7064407704010547
2025-03-09 16:00,4.265230427124073
2025-03-09 17:00,4.634673984447581
2025-03-09 18:00,3.5155496349411943
2025-03-09 19:00,2.7091330066703865
2025-03-09 20:00,2.305590872085217
2025-03-09 21:00,1.9473755889719202
2025-03-09 22:00,2.497572247178468
2025-03-09 23:00,2.2365775669260803
2025-03-10 00:00,0.6225798440367859
2025-03-10 01:00,0.7266334816798476
2025-03-10 02:00,0.26367139497116326
2025-03-10 03:00,0.2385534084956442
2025-03-10 04:00,0.6269741874726799
2025-03-10 05:00,0.48962972722809184
2025-03-10 06:00,1.5059038554370043
2025-03-10 07:00,1.2567313283330082
2025-03-10 08:00,0.4573260470015378
2025-03-10 09:00,0.9262105213964796
2025-03-10 10:00,2.500685213240442
2025-03-10 11:00,2.5016046527371705
2025-03-10 12:00,1.6186528341809345
2025-03-10 13:00,1.8295653667929321
2025-03-10 14:00,1.9028127016685388
2025-03-10 15:00,2.8045454664898317
2025-03-10 16:00,3.550831503141064
2025-03-10 17:00,3.167631138468172
2025-03-10 18:00,2.3728311598126597
2025-03-10 19:00,1.356072639684833
2025-03-10 20:00,1.0621706935189303
2025-03-10 21:00,0.9420695770021459
2025-03-10 22:00,0.5377078702321554
2025-03-10 23:00,0.29972364702531296
2025-03-11 00:00,1.7524986554149093
2025-03-11 01:00,0.9408286818605583
2025-03-11 02:00,2.3785742956144182
2025-03-11 03:00,2.2339979201760354
2025-03-11 04:00,1.433904689318406
2025-03-11 05:00,3.231247651553048
2025-03-11 06:00,4.213706441460877
2025-03-11 07:00,3.6712531614484996
2025-03-11 08:00,2.7256966507394824
2025-03-11 09:00,1.6617594339773023
2025-03-11 10:00,1.2708638972454391
2025-03-11 11:00,0.683256580580782
2025-03-11 12:00,1.349889629878175
2025-03-11 13:00,0.7734783888671121
2025-03-11 14:00,2.0037351043559593
2025-03-11 15:00,3.4007122954993285
2025-03-11 16:00,3.6450985653515793
2025-03-11 17:00,4.6618256853421745
2025-03-11 18:00,2.9883591255614776
2025-03-11 19:00,4.07156563456044
2025-03-11 20:00,5.345813264063656
2025-03-11 21:00,4.512257028221109
2025-03-11 22:00,3.2221519871413364
2025-03-11 23:00,3.050131205567321
2025-03-12 00:00,2.395804541463745
2025-03-12 01:00,3.753715371041032
2025-03-12 02:00,4.886639946137097
2025-03-12 03:00,5.25720701552158
2025-03-12 04:00,4.20831533822308
2025-03-12 05:00,2.1575354135717664
2025-03-12 06:00,2.236142151726069
2025-03-12 07:00,2.2216703507655304
2025-03-12 08:00,2.5178065103782927
2025-03-12 09:00,5.010524445424917
2025-03-12 10:00,1.820349167150388
2025-03-12 11:00,1.2999793148204888
2025-03-12 12:00,2.770862680521325
2025-03-12 13:00,4.001586661704202
2025-03-12 14:00,5.1169532524508945
2025-03-12 15:00,4.435699639305769
2025-03-12 16:00,4.602999575719073
2025-03-12 17:00,4.525091804645921
2025-03-12 18:00,4.873377158013404
2025-03-12 19:00,6.51694333498471
2025-03-12 20:00,7.150978693882391
2025-03-12 21:00,6.068213138791634
2025-03-12 22:00,4.786478453225771
2025-03-12 23:00,4.0793343631387975
2025-03-13 00:00,7.66625564780498
2025-03-13 01:00,8.792342558257362
2025-03-13 02:00,7.506076551470059
2025-03-13 03:00,7.598428500591164
2025-03-13 04:00,9.331515550976889
2025-03-13 05:00,10.674171153152196
2025-03-13 06:00,12.62535558269347
2025-03-13 07:00,11.907842623061683
2025-03-13 08:00,9.56393426032972
2025-03-13 09:00,10.45239080422122
2025-03-13 10:00,13.67103568449502
2025-03-13 11:00,16.10752631167769
2025-03-13 12:00,12.783561138664183
2025-03-13 13:00,18.150065587455803
2025-03-13 14:00,18.482501906546798
2025-03-13 15:00,21.63780823783575
2025-03-13 16:00,21.989654884776755
2025-03-13 17:00,22.488784385077665
2025-03-13 18:00,20.454232801097234
2025-03-13 19:00,21.258924273938263
2025-03-13 20:00,15.050028467071904
2025-03-13 21:00,20.158253014252974
2025-03-13 22:00,19.610984969924438
2025-03-13 23:00,7.3123378155335645
2025-03-14 00:00,6.952250796303105
2025-03-14 01:00,7.377445945656463
2025-03-14 02:00,8.626119612010454
2025-03-14 03:00,11.300588570197036
2025-03-14 04:00,11.587935754586287
2025-03-14 05:00,8.420380902365114
2025-03-14 06:00,6.967647001265963
2025-03-14 07:00,6.554933964361464
2025-03-14 08:00,6.826393472698362
2025-03-14 09:00,7.364399590397643
2025-03-14 10:00,7.100307661089919
2025-03-14 11:00,7.2252597131241005
2025-03-14 12:00,9.5288391352905
2025-03-14 13:00,9.816370231420668
2025-03-14 14:00,12.33001740200456
2025-03-14 15:00,19.51458644433363
2025-03-14 16:00,18.334683217507564
2025-03-14 17:00,15.76407100747453
2025-03-14 18:00,13.350787864376539
2025-03-14 19:00,13.882445898183228
2025-03-14 20:00,11.384775967433285
2025-03-14 21:00,10.602188318784613
2025-03-14 22:00,9.33206379404006
2025-03-14 23:00,9.208674911866877
2025-03-15 00:00,6.003328748607132
2025-03-15 01:00,6.657448935120784
2025-03-15 02:00,5.856337791179208
2025-03-15 03:00,5.267562448881907
2025-03-15 04:00,5.980959537310682
2025-03-15 05:00,6.734253016112475
2025-03-15 06:00,5.686495827265201
2025-03-15 07:00,6.324502068870152
2025-03-15 08:00,16.348432166978895
2025-03-15 09:00,15.651640089612231
2025-03-15 10:00,10.112354774683187
2025-03-15 11:00,3.9626762553835695
2025-03-15 12:00,5.467779407915742
2025-03-15 13:00,8.484245929787761
2025-03-15 14:00,1.8042150224243112
2025-03-15 15:00,2.0773872569361034
2025-03-15 16:00,4.009691461986543
2025-03-15 17:00,4.59174971537149
2025-03-15 18:00,5.19723135765962
2025-03-15 19:00,4.986556177990141
2025-03-15 20:00,6.5002936845342125
2025-03-15 21:00,7.674832096114622
2025-03-15 22:00,6.716576199857009
2025-03-15 23:00,6.292081172505865
2025-03-16 00:00,17.926800094232295
2025-03-16 01:00,16.313492014318214
2025-03-16 02:00,15.698549103128073
2025-03-16 03:00,15.692334463258751
2025-03-16 04:00,19.67990503832122
2025-03-16 05:00,15.114671168559703
2025-03-16 06:00,15.78809214564116
2025-03-16 07:00,14.154453871600932
2025-03-16 08:00,15.853280383717808
2025-03-16 09:00,22.149535745727725
2025-03-16 10:00,39.04298471930108
2025-03-16 11:00,39.444658148605825
2025-03-16 12:00,45.854858990853174
2025-03-16 13:00,46.81585413972119
2025-03-16 14:00,51.36008141858107
2025-03-16 15:00,53.6330740271466
2025-03-16 16:00,54.9069618112733
2025-03-16 17:00,55.436573284552615
2025-03-16 18:00,55.455286770452695
2025-03-16 19:00,54.58436117384648
2025-03-16 20:00,54.5171990010082
2025-03-16 21:00,53.92557436049113
2025-03-16 22:00,54.28356914687211
2025-03-16 23:00,52.17494894031606
2025-03-17 00:00,53.059654161500326
2025-03-17 01:00,53.54174305068217
2025-03-17 02:00,53.478754983366585
2025-03-17 03:00,52.93057534835113
2025-03-17 04:00,51.858658574100645
2025-03-17 05:00,50.89644267988217
2025-03-17 06:00,49.6460904221332
2025-03-17 07:00,48.76651232355216
2025-03-17 08:00,49.26132383270401
2025-03-17 09:00,46.64176714328156
2025-03-17 10:00,39.99033926165852
2025-03-17 11:00,35.71052978524276
2025-03-17 12:00,32.17794370506503
2025-03-17 13:00,29.28832067949199
2025-03-17 14:00,26.836118294339705
2025-03-17 15:00,24.96362958629442
2025-03-17 16:00,23.35668335539051
2025-03-17 17:00,17.185552911245985
2025-03-17 18:00,9.249624065626714
2025-03-17 19:00,6.000725692538294
2025-03-17 20:00,7.881260298718312
2025-03-17 21:00,6.331878187115244
2025-03-17 22:00,12.791772444469746
2025-03-17 23:00,30.51421674770669
2025-03-18 00:00,47.321115154665804
2025-03-18 01:00,45.152532593141366
2025-03-18 02:00,36.24478904181602
2025-03-18 03:00,39.63337290337206
2025-03-18 04:00,50.53767531338757
2025-03-18 05:00,48.60486172532697
2025-03-18 06:00,50.559198305425824
2025-03-18 07:00,53.324596163881445
2025-03-18 08:00,54.3211441451958
2025-03-18 09:00,54.237726737752496
2025-03-18 10:00,55.869177953391485
2025-03-18 11:00,55.90976225268096
2025-03-18 12:00,55.4480022274162
2025-03-18 13:00,57.59060192093961
2025-03-18 14:00,56.757808632448935
2025-03-18 15:00,56.2122936432699
2025-03-18 16:00,56.40012184662006
2025-03-18 17:00,56.326932177520405
2025-03-18 18:00,55.95550891024547
2025-03-18 19:00,54.99042744245479
2025-03-18 20:00,54.90752928690594
2025-03-18 21:00,53.32307287909803
2025-03-18 22:00,52.546425506666154
2025-03-18 23:00,48.39372661974891
2025-03-19 00:00,40.56893975318662
2025-03-19 01:00,38.44966266245229
2025-03-19 02:00,38.01576459077684
2025-03-19 03:00,35.843943627245075
2025-03-19 04:00,31.013855641861603
2025-03-19 05:00,27.8172812251253
2025-03-19 06:00,22.279447240169286
2025-03-19 07:00,19.93004482754968
2025-03-19 08:00,18.266660317466695
2025-03-19 09:00,22.433915234015352
2025-03-19 10:00,18.190181350018378
2025-03-19 11:00,14.672817858786733
2025-03-19 12:00,13.144467641802896
2025-03-19 13:00,13.64822220788462
2025-03-19 14:00,12.645899562539558
2025-03-19 15:00,12.027543038167963
2025-03-19 16:00,11.642519676092174
2025-03-19 17:00,9.270331649892622
2025-03-19 18:00,6.8057478769711945
2025-03-19 19:00,3.482065818945534
2025-03-19 20:00,3.0283473475805804
2025-03-19 21:00,2.954012124706164
2025-03-19 22:00,3.7332905057383217
2025-03-19 23:00,4.295691569469488
2025-03-20 00:00,8.542359107668913
2025-03-20 01:00,11.780902179327503
2025-03-20 02:00,15.157478432210866
2025-03-20 03:00,18.35270343266646
2025-03-20 04:00,20.032598478625086
2025-03-20 05:00,24.34664660475653
2025-03-20 06:00,26.00940672350793
2025-03-20 07:00,25.460243908728636
2025-03-20 08:00,30.288110348711292
2025-03-20 09:00,32.787143293914525
2025-03-20 10:00,32.02403816976275
2025-03-20 11:00,25.709292773214628
2025-03-20 12:00,23.635256341626164
2025-03-20 13:00,23.030879811543727
2025-03-20 14:00,22.96246162907126
2025-03-20 15:00,23.177243406402063
2025-03-20 16:00,24.396588710823217
2025-03-20 17:00,29.85558926260846
2025-03-20 18:00,30.53584529894361
2025-03-20 19:00,29.63838025038494
2025-03-20 20:00,30.55042986663117
2025-03-20 21:00,27.220634068171872
2025-03-20 22:00,28.197780897715397
2025-03-20 23:00,30.0275647379928
2025-03-21 00:00,32.02516541112831
2025-03-21 01:00,31.345121969492777
2025-03-21 02:00,28.210440084521565
2025-03-21 03:00,28.12021230369683
2025-03-21 04:00,24.96957247561268
2025-03-21 05:00,25.603151136625293
2025-03-21 06:00,26.863138376329076
2025-03-21 07:00,27.07192304919609
2025-03-21 08:00,26.53696388166658
2025-03-21 09:00,28.14316432128318
2025-03-21 10:00,23.038822167607204
2025-03-21 11:00,22.09537369476901
2025-03-21 12:00,21.46471066404946
2025-03-21 13:00,19.825137230296818
2025-03-21 14:00,16.061366943239445
2025-03-21 15:00,17.620346738067493
2025-03-21 16:00,15.460522146798924
2025-03-21 17:00,13.470309046957556
2025-03-21 18:00,10.812214155997854
2025-03-21 19:00,9.102232127116059
2025-03-21 20:00,6.250363487131027
2025-03-21 21:00,5.900972251162132
2025-03-21 22:00,7.46244496411953
2025-03-21 23:00,9.55435896189491
2025-03-22 00:00,26.252118552880923
2025-03-22 01:00,22.906615200162992
2025-03-22 02:00,24.92010530711049
2025-03-22 03:00,26.432269558812514
2025-03-22 04:00,28.44119954669912
2025-03-22 05:00,30.0592566242998
2025-03-22 06:00,30.866007751840264
2025-03-22 07:00,33.51596833666724
2025-03-22 08:00,29.247986630080682
2025-03-22 09:00,20.776108981343185
2025-03-22 10:00,21.74987958877497
2025-03-22 11:00,24.65828248293272
2025-03-22 12:00,21.704334281314793
2025-03-22 13:00,18.34125791805002
2025-03-22 14:00,18.39324669438862
2025-03-22 15:00,19.470521633448353
2025-03-22 16:00,20.876833329293525
2025-03-22 17:00,23.099112715860358
2025-03-22 18:00,23.798744399058368
2025-03-22 19:00,17.81021187236373
2025-03-22 20:00,17.583871044512723
2025-03-22 21:00,18.965087569977594
2025-03-22 22:00,14.33892507548239
2025-03-22 23:00,21.001525830807772
2025-03-23 00:00,30.162676899454212
2025-03-23 01:00,32.995898412182044
2025-03-23 02:00,30.37849459711632
2025-03-23 03:00,25.73432795909462
2025-03-23 04:00,25.68376925200144
2025-03-23 05:00,21.252488423195963
2025-03-23 06:00,15.588046096135777
2025-03-23 07:00,18.06865798726126
2025-03-23 08:00,22.321633526284817
2025-03-23 09:00,29.145250510744088
2025-03-23 10:00,30.461998437738444
2025-03-23 11:00,31.421014936375744
2025-03-23 12:00,28.603771120786803
2025-03-23 13:00,30.990308414891906
2025-03-23 14:00,31.606104740833405
2025-03-23 15:00,36.87836536313573
2025-03-23 16:00,35.462955784904096
2025-03-23 17:00,36.77569761427306
2025-03-23 18:00,33.32757563723764
2025-03-23 19:00,29.988897868032907
2025-03-23 20:00,31.074718881957637
2025-03-23 21:00,33.448272731344474
2025-03-23 22:00,33.2073986135297
2025-03-23 23:00,35.22462306059895
2025-03-24 00:00,34.518550011660594
2025-03-24 01:00,35.21779554458143
2025-03-24 02:00,41.34696974016096
2025-03-24 03:00,46.919558975387375
2025-03-24 04:00,50.44072653134977
2025-03-24 05:00,49.85231455533784
2025-03-24 06:00,55.58664250746257
2025-03-24 07:00,53.15633210008973
2025-03-24 08:00,54.598689308751844
2025-03-24 09:00,54.77178492148057
2025-03-24 10:00,55.9918440915057
2025-03-24 11:00,55.49288292527745
2025-03-24 12:00,54.10030815380101
2025-03-24 13:00,53.30579513429781
2025-03-24 14:00,51.82015602015483
2025-03-24 15:00,51.684522277930256
2025-03-24 16:00,52.508732436399725
2025-03-24 17:00,51.24265649233415
2025-03-24 18:00,51.25687743951686
2025-03-24 19:00,50.655410056633556
2025-03-24 20:00,50.15253560452582
2025-03-24 21:00,44.73442289700665
2025-03-24 22:00,34.136048032279845
2025-03-24 23:00,26.793021137269328
2025-03-25 00:00,29.08633098640496
2025-03-25 01:00,28.11765379945237
2025-03-25 02:00,26.254902120929415
2025-03-25 03:00,30.78956746560219
2025-03-25 04:00,27.224687376669195
2025-03-25 05:00,22.065852193202574
2025-03-25 06:00,28.22177789703243
2025-03-25 07:00,35.35524412034003
2025-03-25 08:00,39.30562936199746
2025-03-25 09:00,38.531090967995084
2025-03-25 10:00,44.04653867087532
2025-03-25 11:00,50.13246477257588
2025-03-25 12:00,54.7421341081116
2025-03-25 13:00,53.203065458379086
2025-03-25 14:00,54.89643104219961
2025-03-25 15:00,52.356015171748766
2025-03-25 16:00,46.92197046968576
2025-03-25 17:00,45.154049335953204
2025-03-25 18:00,39.61127001568097
2025-03-25 19:00,34.910364839956294
2025-03-25 20:00,19.00153188126304
2025-03-25 21:00,15.785596091968532
2025-03-25 22:00,13.43660784531316
2025-03-25 23:00,13.899099624588818
2025-03-26 00:00,7.869779228964616
2025-03-26 01:00,7.829118175026104
2025-03-26 02:00,7.210903211176969
2025-03-26 03:00,7.185841080217157
2025-03-26 04:00,4.34660330036939
2025-03-26 05:00,3.454893659524922
2025-03-26 06:00,3.3404331871986495
2025-03-26 07:00,3.951334840153915
2025-03-26 08:00,4.372535161599294
2025-03-26 09:00,5.227678862410702
2025-03-26 10:00,7.130466156498747
2025-03-26 11:00,6.718692576796968
2025-03-26 12:00,5.586339980430326
2025-03-26 13:00,8.65341411606008
2025-03-26 14:00,7.444640084928287
2025-03-26 15:00,7.6541982093511285
2025-03-26 16:00,6.63908248541626
2025-03-26 17:00,8.090328509913526
2025-03-26 18:00,12.855151659154643
2025-03-26 19:00,20.408786911050647
2025-03-26 20:00,30.324983910537
2025-03-26 21:00,32.499230954925814
2025-03-26 22:00,33.147658158475764
2025-03-26 23:00,32.22919462491235
2025-03-27 00:00,53.351241366477424
2025-03-27 01:00,54.72621855184181
2025-03-27 02:00,54.378285153567504
2025-03-27 03:00,53.55400641846326
2025-03-27 04:00,53.23676107907052
2025-03-27 05:00,43.96752820041789
2025-03-27 06:00,48.30800313725605
2025-03-27 07:00,48.596100738168516
2025-03-27 08:00,51.71612252676964
2025-03-27 09:00,48.582717345364436
2025-03-27 10:00,36.000155082034006
2025-03-27 11:00,29.39961267711282
2025-03-27 12:00,26.431609797956423
2025-03-27 13:00,28.750614151732535
2025-03-27 14:00,24.503228848674514
2025-03-27 15:00,28.57651111665053
2025-03-27 16:00,27.480292306179855
2025-03-27 17:00,36.83757703462649
2025-03-27 18:00,45.71074379136823
2025-03-27 19:00,45.94794505222741
2025-03-27 20:00,45.27905124256573
2025-03-27 21:00,48.52059850891672
2025-03-27 22:00,49.90446865272467
2025-03-27 23:00,50.30994283140379
2025-03-28 00:00,53.10142995298085
2025-03-28 01:00,51.81990318378949
2025-03-28 02:00,53.597636279627935
2025-03-28 03:00,52.35826906831768
2025-03-28 04:00,52.78223883506792
2025-03-28 05:00,53.46709428148989
2025-03-28 06:00,52.65215802038442
2025-03-28 07:00,52.093678696674985
2025-03-28 08:00,52.84356626630675
2025-03-28 09:00,52.45188997732312
2025-03-28 10:00,52.54861709337681
2025-03-28 11:00,52.076199368549624
2025-03-28 12:00,52.56229693137247
2025-03-28 13:00,53.88056792091709
2025-03-28 14:00,53.60044424842563
2025-03-28 15:00,53.18693857600992
2025-03-28 16:00,54.71191729574482
2025-03-28 17:00,54.71942755664725
2025-03-28 18:00,54.08474772751787
2025-03-28 19:00,52.48150836519967
2025-03-28 20:00,51.49545894170139
2025-03-28 21:00,51.50608531494602
2025-03-28 22:00,49.92570366352711
2025-03-28 23:00,44.814256508037886
2025-03-29 00:00,28.693283062297635
2025-03-29 01:00,23.101121765763814
2025-03-29 02:00,22.042601891937483
2025-03-29 03:00,23.05675257121892
2025-03-29 04:00,21.855358987190776
2025-03-29 05:00,22.380895765461293
2025-03-29 06:00,21.260684964712027
2025-03-29 07:00,17.138012696689145
2025-03-29 08:00,15.857704627866404
2025-03-29 09:00,15.007797056754324
2025-03-29 10:00,14.080359728344868
2025-03-29 11:00,16.371918202577017
2025-03-29 12:00,24.060362569607037
2025-03-29 13:00,25.988545102019582
2025-03-29 14:00,36.79689096167765
2025-03-29 15:00,34.73648491926119
2025-03-29 16:00,36.65048769349709
2025-03-29 17:00,41.43428852523229
2025-03-29 18:00,44.89602539623988
2025-03-29 19:00,43.47787795446169
2025-03-29 20:00,44.688605610288406
2025-03-29 21:00,43.00944092968841
2025-03-29 22:00,36.36232529358398
2025-03-29 23:00,31.46153719063161
2025-03-30 00:00,24.53326037445405
2025-03-30 01:00,24.594994879044606
2025-03-30 02:00,21.214418507012816
2025-03-30 03:00,15.397960317198958
2025-03-30 04:00,12.28186068280969
2025-03-30 05:00,10.42132968673702
2025-03-30 06:00,13.969478501041738
2025-03-30 07:00,18.11013098667076
2025-03-30 08:00,26.533501883171272
2025-03-30 09:00,19.26758047312314
2025-03-30 10:00,15.868332877205088
2025-03-30 11:00,12.228530651448992
2025-03-30 12:00,11.26496644699916
2025-03-30 13:00,10.921301950471342
2025-03-30 14:00,9.300066544587466
2025-03-30 15:00,10.001623198709481
2025-03-30 16:00,9.465845918341017
2025-03-30 17:00,6.984778847485865
2025-03-30 18:00,7.45693746240935
2025-03-30 19:00,7.144332646663766
2025-03-30 20:00,5.754028821228777
2025-03-30 21:00,6.500492021286435
2025-03-30 22:00,6.5958014481336456
2025-03-30 23:00,6.898366049233175
2025-03-31 00:00,4.129109151974779
2025-03-31 01:00,4.203263326657807
2025-03-31 02:00,3.2499135288045093
2025-03-31 03:00,3.8177434001096606
2025-03-31 04:00,4.35148209738084
2025-03-31 05:00,5.777509845143194
2025-03-31 06:00,8.950643185189403
2025-03-31 07:00,4.933364699276396
2025-03-31 08:00,6.291599799066256
2025-03-31 09:00,7.118986553089032
2025-03-31 10:00,3.520127708475778
2025-03-31 11:00,5.784203078790005
2025-03-31 12:00,6.929917392517915
2025-03-31 13:00,6.447601545413985
2025-03-31 14:00,6.249491795890496
2025-03-31 15:00,7.099857164430695
2025-03-31 16:00,6.300068685368109
2025-03-31 17:00,6.027741105405788
2025-03-31 18:00,4.599280570086465
2025-03-31 19:00,2.493037153477871
2025-03-31 20:00,1.7632309098845402
2025-03-31 21:00,1.4833859549737376
2025-03-31 22:00,2.7286758543162177
2025-03-31 23:00,2.8850333574001654
2025-04-01 00:00,0.8977839483669441
2025-04-01 01:00,1.4630979920557312
2025-04-01 02:00,3.8248082871069373
2025-04-01 03:00,1.050180969579034
2025-04-01 04:00,1.6497944146897114
2025-04-01 05:00,1.737802178131726
2025-04-01 06:00,1.582001101813862
2025-04-01 07:00,0.7246979324501409
2025-04-01 08:00,0.5855726041924425
2025-04-01 09:00,0.406815656704944
2025-04-01 10:00,0.3643298891808356
2025-04-01 11:00,0.9828058068277357
2025-04-01 12:00,1.2807486889854502
2025-04-01 13:00,2.09085013941014
2025-04-01 14:00,3.248081779685532
2025-04-01 15:00,4.184212494753822
2025-04-01 16:00,5.161103043227891
2025-04-01 17:00,5.603053144604386
2025-04-01 18:00,5.0256193065044386
2025-04-01 19:00,3.483756519075818
2025-04-01 20:00,2.2996547843328954
2025-04-01 21:00,3.3104822281249078
2025-04-01 22:00,3.0960835749676585
2025-04-01 23:00,0.815214532755898
2025-04-02 00:00,0.3390916782573732
2025-04-02 01:00,2.1120605693976584
2025-04-02 02:00,2.2127736643001956
2025-04-02 03:00,2.1600738612286374
2025-04-02 04:00,2.0383886435142005
2025-04-02 05:00,1.93878900167559
2025-04-02 06:00,2.003861122328223
2025-04-02 07:00,1.6300161355559162
2025-04-02 08:00,0.7864531201080911
2025-04-02 09:00,0.9034492229643778
2025-04-02 10:00,1.596337395646173
2025-04-02 11:00,4.342594722355475
2025-04-02 12:00,4.354930194845524
2025-04-02 13:00,3.1691144287468327
2025-04-02 14:00,4.431382208620703
2025-04-02 15:00,4.814141307200261
2025-04-02 16:00,6.196941945232917
2025-04-02 17:00,6.253220997614836
2025-04-02 18:00,7.292164922298209
2025-04-02 19:00,7.906971886807108
2025-04-02 20:00,5.3417890530737075
2025-04-02 21:00,5.773261253469073
2025-04-02 22:00,3.7370699628273023
2025-04-02 23:00,3.0239022311700197
2025-04-03 00:00,2.88324860019054
2025-04-03 01:00,4.915578904701254
2025-04-03 02:00,4.649764893643335
2025-04-03 03:00,4.873635536987183
2025-04-03 04:00,4.502710822776646
2025-04-03 05:00,3.9785343304410468
2025-04-03 06:00,3.3379053163324937
2025-04-03 07:00,3.34912623044313
2025-04-03 08:00,3.2797616654669772
2025-04-03 09:00,3.606039416275453
2025-04-03 10:00,3.0445859450311428
2025-04-03 11:00,2.7550407713886145
2025-04-03 12:00,5.518251378852424
2025-04-03 13:00,7.0367399335920355
2025-04-03 14:00,10.636818500316693
2025-04-03 15:00,12.35492389084095
2025-04-03 16:00,13.555250270953067
2025-04-03 17:00,14.459617752808896
2025-04-03 18:00,14.27102849337005
2025-04-03 19:00,10.506130814709238
2025-04-03 20:00,5.99842245728397
2025-04-03 21:00,3.028083757716277
2025-04-03 22:00,3.168769255826679
2025-04-03 23:00,2.5765844174664667
2025-04-04 00:00,0.6095312062561496
2025-04-04 01:00,0.8563056125370282
2025-04-04 02:00,1.5032533876980925
2025-04-04 03:00,0.885268655078221
2025-04-04 04:00,1.0093314648009823
2025-04-04 05:00,0.8945287160148427
2025-04-04 06:00,1.331412792350783
2025-04-04 07:00,0.3942475367104468
2025-04-04 08:00,0.32130773150578973
2025-04-04 09:00,0.5853057519921491
2025-04-04 10:00,1.3028663164745213
2025-04-04 11:00,3.5964045239876246
2025-04-04 12:00,5.597151929678867
2025-04-04 13:00,6.609266739524429
2025-04-04 14:00,6.552558742080578
2025-04-04 15:00,5.925819325284265
2025-04-04 16:00,4.682866057794238
2025-04-04 17:00,3.716689676747134
2025-04-04 18:00,2.284167918531271
2025-04-04 19:00,1.28777025845974
2025-04-04 20:00,1.1204195512697477
2025-04-04 21:00,1.5929289075782356
2025-04-04 22:00,2.2281124665812637
2025-04-04 23:00,2.103950215446841
2025-04-05 00:00,2.022481703226856
2025-04-05 01:00,2.123673998775097
2025-04-05 02:00,2.607061880761502
2025-04-05 03:00,4.48919432467525
2025-04-05 04:00,4.153480494434715
2025-04-05 05:00,7.061674528959768
2025-04-05 06:00,11.130835674608353
2025-04-05 07:00,17.058398751324653
2025-04-05 08:00,26.085008785043176
2025-04-05 09:00,25.985812817289137
2025-04-05 10:00,27.503692739261567
2025-04-05 11:00,38.02553017241236
2025-04-05 12:00,38.858183644116586
2025-04-05 13:00,45.78976305241815
2025-04-05 14:00,45.392561475469755
2025-04-05 15:00,44.011014536735345
2025-04-05 16:00,39.25805535851386
2025-04-05 17:00,33.0418284331959
2025-04-05 18:00,28.25125787764582
2025-04-05 19:00,25.606349306590662
2025-04-05 20:00,12.979173461644052
2025-04-05 21:00,10.917228327628264
2025-04-05 22:00,6.220179757514558
2025-04-05 23:00,5.5957181674856455
2025-04-06 00:00,9.02805709570344
2025-04-06 01:00,8.438857335676232
2025-04-06 02:00,7.329238998500292
2025-04-06 03:00,4.565298900193071
2025-04-06 04:00,5.214120485981388
2025-04-06 05:00,3.3118353973997614
2025-04-06 06:00,2.818656127231919
2025-04-06 07:00,2.8523761411043447
2025-04-06 08:00,4.451783183567646
2025-04-06 09:00,6.4041896953017865
2025-04-06 10:00,5.396306626534122
2025-04-06 11:00,10.01808033868973
2025-04-06 12:00,13.081608115796897
2025-04-06 13:00,14.50597894750936
2025-04-06 14:00,13.501872719873091
2025-04-06 15:00,12.381235930082607
2025-04-06 16:00,11.08223292395937
2025-04-06 17:00,9.948572418212944
2025-04-06 18:00,9.468163778387154
2025-04-06 19:00,8.236600760500266
2025-04-06 20:00,5.186004138296909
2025-04-06 21:00,5.485234597470695
2025-04-06 22:00,4.0221916012668215
2025-04-06 23:00,3.186543877798683
2025-04-07 00:00,6.457004807278987
2025-04-07 01:00,9.07682184056603
2025-04-07 02:00,8.372324268441904
2025-04-07 03:00,10.672168692805688
2025-04-07 04:00,12.549248587125255
2025-04-07 05:00,11.017375112907335
2025-04-07 06:00,13.556195445403532
2025-04-07 07:00,12.075049367393657
2025-04-07 08:00,13.474973011889064
2025-04-07 09:00,21.987054944067964
2025-04-07 10:00,30.36072988293592
2025-04-07 11:00,36.096900101868385
2025-04-07 12:00,40.048429769419954
2025-04-07 13:00,45.660345073444454
2025-04-07 14:00,49.04740398109822
2025-04-07 15:00,51.19019831990093
2025-04-07 16:00,52.14993046041814
2025-04-07 17:00,52.56224411663541
2025-04-07 18:00,52.30138102507303
2025-04-07 19:00,51.370930148770434
2025-04-07 20:00,52.16607223889922
2025-04-07 21:00,51.811982138871585
2025-04-07 22:00,53.200405956523866
2025-04-07 23:00,50.97603252933168
2025-04-08 00:00,49.628189355332026
2025-04-08 01:00,49.35337796290841
2025-04-08 02:00,40.26353002725135
2025-04-08 03:00,43.36610444490363
2025-04-08 04:00,41.148289572850715
2025-04-08 05:00,38.673948015198775
2025-04-08 06:00,40.51400009593266
2025-04-08 07:00,23.803066261363295
2025-04-08 08:00,19.49196817182654
2025-04-08 09:00,19.00356771893749
2025-04-08 10:00,14.857610706620196
2025-04-08 11:00,12.894638182946695
2025-04-08 12:00,12.41103479269141
2025-04-08 13:00,13.411846322775194
2025-04-08 14:00,14.89135388693443
2025-04-08 15:00,13.95148120205036
2025-04-08 16:00,13.850619446532626
2025-04-08 17:00,12.804129581992159
2025-04-08 18:00,11.493787320413198
2025-04-08 19:00,7.88214581596786
2025-04-08 20:00,5.739857203730719
2025-04-08 21:00,4.134323891527918
2025-04-08 22:00,6.261260404710832
2025-04-08 23:00,4.300911282482128
2025-04-09 00:00,0.9461809791268704
2025-04-09 01:00,0.29554624624970804
2025-04-09 02:00,0.0
2025-04-09 03:00,0.5319460363134634
2025-04-09 04:00,0.5645032693604736
2025-04-09 05:00,0.20874088381257624
2025-04-09 06:00,0.33022356181238155
2025-04-09 07:00,0.1543047042589839
2025-04-09 08:00,0.21400110801703148
2025-04-09 09:00,0.12788660110913241
2025-04-09 10:00,0.6689511780034639
2025-04-09 11:00,2.0364869859483825
2025-04-09 12:00,4.3676158334662185
2025-04-09 13:00,5.370467890797856
2025-04-09 14:00,7.965545892949221
2025-04-09 15:00,9.962726698828238
2025-04-09 16:00,7.875193632147644
2025-04-09 17:00,5.6462749787184485
2025-04-09 18:00,7.810836882950866
2025-04-09 19:00,4.643725011980321
2025-04-09 20:00,2.9278901594629723
2025-04-09 21:00,3.6937078983197313
2025-04-09 22:00,2.132357899206697
2025-04-09 23:00,3.272016701195276
2025-04-10 00:00,2.1472198049427345
2025-04-10 01:00,1.5091155530500409
2025-04-10 02:00,1.4297773312630824
2025-04-10 03:00,2.1466280201092425
2025-04-10 04:00,3.14983827489596
2025-04-10 05:00,3.4905565276718953
2025-04-10 06:00,3.0284218741952644
2025-04-10 07:00,2.4276134216077407
2025-04-10 08:00,1.6076655954810455
2025-04-10 09:00,1.4999631800619482
2025-04-10 10:00,1.3755398813153477
2025-04-10 11:00,1.7617482829623619
2025-04-10 12:00,4.047093850829395
2025-04-10 13:00,4.860908892198992
2025-04-10 14:00,5.92594163223292
2025-04-10 15:00,6.003702691060985
2025-04-10 16:00,6.0019947671929845
2025-04-10 17:00,8.230676576490836
2025-04-10 18:00,6.633976590634193
2025-04-10 19:00,3.6916478034379
2025-04-10 20:00,3.443471770822052
2025-04-10 21:00,1.7288613147733214
2025-04-10 22:00,3.28501155029086
2025-04-10 23:00,4.948948104036438
2025-04-11 00:00,6.481930652042344
2025-04-11 01:00,3.740799530035316
2025-04-11 02:00,5.561192974551043
2025-04-11 03:00,4.918967255300161
2025-04-11 04:00,4.234242571388919
2025-04-11 05:00,2.1066278762170407
2025-04-11 06:00,2.4175655172185775
2025-04-11 07:00,1.9126954116622499
2025-04-11 08:00,1.5254011085720696
2025-04-11 09:00,1.4649447332510368
2025-04-11 10:00,1.419079871239797
2025-04-11 11:00,1.5828737803847417
2025-04-11 12:00,2.1129599151235863
2025-04-11 13:00,2.487163713638771
2025-04-11 14:00,2.874004017738398
2025-04-11 15:00,2.9983544250160827
2025-04-11 16:00,3.079327433750631
2025-04-11 17:00,3.4124565072199395
2025-04-11 18:00,3.57279565457865
2025-04-11 19:00,2.064061077641143
2025-04-11 20:00,1.7639155516821532
2025-04-11 21:00,3.0933411312934
2025-04-11 22:00,4.565613402268426
2025-04-11 23:00,5.308875481675365
2025-04-12 00:00,12.245900934182178
2025-04-12 01:00,14.901544382613325
2025-04-12 02:00,15.184544735630165
2025-04-12 03:00,16.257222003366635
2025-04-12 04:00,20.97061297279012
2025-04-12 05:00,25.50684292513909
2025-04-12 06:00,25.988802812859227
2025-04-12 07:00,22.95232092284988
2025-04-12 08:00,31.16393214146549
2025-04-12 09:00,40.59608008661803
2025-04-12 10:00,43.59773366465603
2025-04-12 11:00,46.99025168299956
2025-04-12 12:00,49.2623070476336
2025-04-12 13:00,42.762202974639884
2025-04-12 14:00,51.37608882426719
2025-04-12 15:00,52.71025939164326
2025-04-12 16:00,53.91798405735743
2025-04-12 17:00,55.25768123066313
2025-04-12 18:00,55.92208380365254
2025-04-12 19:00,55.72065424377446
2025-04-12 20:00,55.41797460234423
2025-04-12 21:00,54.83777164454592
2025-04-12 22:00,54.54333593716751
2025-04-12 23:00,47.67739026780833
2025-04-13 00:00,47.73832619721067
2025-04-13 01:00,26.96013023204497
2025-04-13 02:00,18.881761720282576
2025-04-13 03:00,30.22949227153613
2025-04-13 04:00,34.797618030267756
2025-04-13 05:00,35.488929280508025
2025-04-13 06:00,46.06620352835938
2025-04-13 07:00,47.05403862153034
2025-04-13 08:00,45.64672486891858
2025-04-13 09:00,48.62120997086345
2025-04-13 10:00,48.65660727777737
2025-04-13 11:00,51.96350870619632
2025-04-13 12:00,48.86209704268046
2025-04-13 13:00,48.07058926953715
2025-04-13 14:00,45.627044128749475
2025-04-13 15:00,45.66424810567529
2025-04-13 16:00,43.29283507236056
2025-04-13 17:00,45.9677485624906
2025-04-13 18:00,43.260707995503004
2025-04-13 19:00,46.31630799360103
2025-04-13 20:00,47.873593238518275
2025-04-13 21:00,40.895059408667855
2025-04-13 22:00,41.36162169822514
2025-04-13 23:00,40.30234695930251
2025-04-14 00:00,46.381807130363406
2025-04-14 01:00,46.06490789369029
2025-04-14 02:00,47.34620549446265
2025-04-14 03:00,48.47563237951274
2025-04-14 04:00,47.69989852008887
2025-04-14 05:00,45.76660611097215
2025-04-14 06:00,46.72228831937048
2025-04-14 07:00,39.67253225739017
2025-04-14 08:00,33.53019010042378
2025-04-14 09:00,20.561090064090024
2025-04-14 10:00,23.090724227348996
2025-04-14 11:00,19.69609458236198
2025-04-14 12:00,35.62774630882394
2025-04-14 13:00,24.490879280898707
2025-04-14 14:00,22.19058566363956
2025-04-14 15:00,25.441232855899596
2025-04-14 16:00,32.633688976948115
2025-04-14 17:00,29.65775314027465
2025-04-14 18:00,35.52827086484345
2025-04-14 19:00,42.35716103860237
2025-04-14 20:00,52.640258352823636
2025-04-14 21:00,51.64233760439847
2025-04-14 22:00,50.9205788718111
2025-04-14 23:00,48.43780632079351
2025-04-15 00:00,50.017919738434244
2025-04-15 01:00,51.57991084585605
2025-04-15 02:00,49.730870871833986
2025-04-15 03:00,48.096451124337676
2025-04-15 04:00,40.7387007444031
2025-04-15 05:00,33.00966082339854
2025-04-15 06:00,30.9021633335255
2025-04-15 07:00,29.167220213658446
2025-04-15 08:00,37.70825572170898
2025-04-15 09:00,38.04634683843483
2025-04-15 10:00,37.61537846741139
2025-04-15 11:00,35.34597936937395
2025-04-15 12:00,34.516716073880495
2025-04-15 13:00,31.501436961130466
2025-04-15 14:00,28.692487877816845
2025-04-15 15:00,25.625105129012383
2025-04-15 16:00,22.038019870427767
2025-04-15 17:00,21.718867755220987
2025-04-15 18:00,21.80114431759641
2025-04-15 19:00,11.915064650993902
2025-04-15 20:00,5.7173595887788125
2025-04-15 21:00,6.607661914251399
2025-04-15 22:00,6.044007510098881
2025-04-15 23:00,6.512474371203929
2025-04-16 00:00,7.850968466693225
2025-04-16 01:00,8.791168999140844
2025-04-16 02:00,12.169625472806016
2025-04-16 03:00,17.35861436163089
2025-04-16 04:00,12.485125385263316
2025-04-16 05:00,14.57729396540471
2025-04-16 06:00,29.605006480743477
2025-04-16 07:00,24.581229315924634
2025-04-16 08:00,28.80827347219047
2025-04-16 09:00,37.317653166967084
2025-04-16 10:00,45.3032819838851
2025-04-16 11:00,49.71279024598451
2025-04-16 12:00,52.81899567533934
2025-04-16 13:00,53.66398748342083
2025-04-16 14:00,53.23633804109194
2025-04-16 15:00,52.66799881518413
2025-04-16 16:00,51.942393620397695
2025-04-16 17:00,53.08615865374257
2025-04-16 18:00,52.08397414128563
2025-04-16 19:00,51.88188238867875
2025-04-16 20:00,52.53692161044778
2025-04-16 21:00,51.668016618792194
2025-04-16 22:00,52.26497747823318
2025-04-16 23:00,50.11478981062737
2025-04-17 00:00,52.77631956850844
2025-04-17 01:00,52.79094486299539
2025-04-17 02:00,53.084248969733196
2025-04-17 03:00,53.53607657891689
2025-04-17 04:00,53.09699093203082
2025-04-17 05:00,52.57120420420761
2025-04-17 06:00,52.56151804749186
2025-04-17 07:00,51.380060326417954
2025-04-17 08:00,50.76154448370521
2025-04-17 09:00,51.239426247424504
2025-04-17 10:00,51.05435907724123
2025-04-17 11:00,51.30283806066986
2025-04-17 12:00,50.928252025967765
2025-04-17 13:00,50.7602827352441
2025-04-17 14:00,50.46582792213057
2025-04-17 15:00,50.96433921312282
2025-04-17 16:00,49.25249183436104
2025-04-17 17:00,48.837975961330244
2025-04-17 18:00,48.394584897957856
2025-04-17 19:00,48.127113531641754
2025-04-17 20:00,48.155039809964194
2025-04-17 21:00,47.3046552243035
2025-04-17 22:00,48.91108630676863
2025-04-17 23:00,46.90462407373992
2025-04-18 00:00,45.63726791056047
2025-04-18 01:00,44.48805473884458
2025-04-18 02:00,49.53456882899576
2025-04-18 03:00,49.09080731802361
2025-04-18 04:00,48.42472135495971
2025-04-18 05:00,46.229980109953566
2025-04-18 06:00,46.17974396681518
2025-04-18 07:00,43.10227071045307
2025-04-18 08:00,44.987505209594005
2025-04-18 09:00,41.03950460397866
2025-04-18 10:00,37.97499810294158
2025-04-18 11:00,28.487827865983306
2025-04-18 12:00,27.535733414314723
2025-04-18 13:00,25.702810084741643
2025-04-18 14:00,25.842368872970226
2025-04-18 15:00,29.93707787018332
2025-04-18 16:00,31.874691753334467
2025-04-18 17:00,32.81479690352257
2025-04-18 18:00,27.8255573916988
2025-04-18 19:00,18.65187342014174
2025-04-18 20:00,17.043693904298042
2025-04-18 21:00,24.94558097543163
2025-04-18 22:00,26.384926426076305
2025-04-18 23:00,24.98636155791008
2025-04-19 00:00,28.356033251156397
2025-04-19 01:00,31.41225075570172
2025-04-19 02:00,36.91092229044402
2025-04-19 03:00,43.6751928636716
2025-04-19 04:00,43.314791543553994
2025-04-19 05:00,37.33082696504475
2025-04-19 06:00,39.61727660036215
2025-04-19 07:00,45.2693225762297
2025-04-19 08:00,43.81904923951494
2025-04-19 09:00,44.304719411963006
2025-04-19 10:00,44.62507118277323
2025-04-19 11:00,48.91571124133142
2025-04-19 12:00,50.31672699050115
2025-04-19 13:00,47.78341276662298
2025-04-19 14:00,46.41083289444278
2025-04-19 15:00,47.220525069242726
2025-04-19 16:00,46.67288358663289
2025-04-19 17:00,46.10449545954806
2025-04-19 18:00,42.86698003168975
2025-04-19 19:00,39.73444332008205
2025-04-19 20:00,28.063128392250313
2025-04-19 21:00,14.155723256663943
2025-04-19 22:00,8.503877461061661
2025-04-19 23:00,5.962824427859049
2025-04-20 00:00,3.650364757339653
2025-04-20 01:00,3.176202387595916
2025-04-20 02:00,4.576529126996872
2025-04-20 03:00,5.177821152132507
2025-04-20 04:00,6.697108766966493
2025-04-20 05:00,11.244040110628156
2025-04-20 06:00,14.02281624343195
2025-04-20 07:00,11.81783632171678
2025-04-20 08:00,9.723679387767998
2025-04-20 09:00,7.147820358041582
2025-04-20 10:00,5.441189631138945
2025-04-20 11:00,5.1505821878546225
2025-04-20 12:00,11.443575087489522
2025-04-20 13:00,8.49549861929711
2025-04-20 14:00,9.566709888105851
2025-04-20 15:00,9.574118524750954
2025-04-20 16:00,11.98454064102383
2025-04-20 17:00,11.040590845577963
2025-04-20 18:00,8.822072070970922
2025-04-20 19:00,6.772842549028743
2025-04-20 20:00,4.725441323130641
2025-04-20 21:00,3.1871915858636384
2025-04-20 22:00,2.871413729495255
2025-04-20 23:00,3.2970849496173793
2025-04-21 00:00,0.8229114454345811
2025-04-21 01:00,0.4437641735946315
2025-04-21 02:00,1.8380168099326428
2025-04-21 03:00,0.7010481606544898
2025-04-21 04:00,0.9486020520242814
2025-04-21 05:00,0.753909759304354
2025-04-21 06:00,0.8859472259029175
2025-04-21 07:00,0.8495084869040007
2025-04-21 08:00,0.647782628706495
2025-04-21 09:00,0.04140238280772818
2025-04-21 10:00,0.11051861592084025
2025-04-21 11:00,0.0
2025-04-21 12:00,0.6817921333174484
2025-04-21 13:00,0.8569145866301807
2025-04-21 14:00,2.674594698119278
2025-04-21 15:00,2.367344234585305
2025-04-21 16:00,3.1305507007233713
2025-04-21 17:00,2.8839028209920476
2025-04-21 18:00,0.6988540184010734
2025-04-21 19:00,0.6642164633278185
2025-04-21 20:00,0.5986728552075249
2025-04-21 21:00,1.0037793716934904
2025-04-21 22:00,0.620787514341893
2025-04-21 23:00,1.1885395487097763
2025-04-22 00:00,4.343331433550315
2025-04-22 01:00,4.41752458342636
2025-04-22 02:00,4.965925269831038
2025-04-22 03:00,6.585134109741549
2025-04-22 04:00,10.389715472940901
2025-04-22 05:00,14.690912938478096
2025-04-22 06:00,21.861976753776055
2025-04-22 07:00,32.733229935393645
2025-04-22 08:00,34.45522793005341
2025-04-22 09:00,30.972516974051295
2025-04-22 10:00,35.52248536129687
2025-04-22 11:00,41.450552446076614
2025-04-22 12:00,42.11270035260094
2025-04-22 13:00,42.57011835576034
2025-04-22 14:00,42.75956617021572
2025-04-22 15:00,44.73691948138526
2025-04-22 16:00,39.997945582689795
2025-04-22 17:00,39.33943201511295
2025-04-22 18:00,37.350696022131025
2025-04-22 19:00,18.94253019891866
2025-04-22 20:00,10.889143487513852
2025-04-22 21:00,12.425712053095971
2025-04-22 22:00,10.137067277503311
2025-04-22 23:00,12.24803399756981
2025-04-23 00:00,16.37395675081501
2025-04-23 01:00,16.895416282733585
2025-04-23 02:00,16.32888566337774
2025-04-23 03:00,14.590013435670244
2025-04-23 04:00,15.418022285422541
2025-04-23 05:00,15.291769486689287
2025-04-23 06:00,15.85546238337682
2025-04-23 07:00,10.132504559304765
2025-04-23 08:00,12.575835784388744
2025-04-23 09:00,9.555186538102971
2025-04-23 10:00,5.823985479863127
2025-04-23 11:00,5.891411307336376
2025-04-23 12:00,7.5893077341070505
2025-04-23 13:00,10.78548715979258
2025-04-23 14:00,11.443141098399098
2025-04-23 15:00,9.824065038257183
2025-04-23 16:00,12.025388348328597
2025-04-23 17:00,9.09302111919708
2025-04-23 18:00,6.607281842779271
2025-04-23 19:00,4.907588081409966
2025-04-23 20:00,4.0390408256825125
2025-04-23 21:00,3.100359119197055
2025-04-23 22:00,3.141480284536887
2025-04-23 23:00,2.0064479605566374
2025-04-24 00:00,2.7885865409520987
2025-04-24 01:00,3.353460428061448
2025-04-24 02:00,4.763215729372211
2025-04-24 03:00,5.127752063818159
2025-04-24 04:00,4.413479865790839
2025-04-24 05:00,3.3563987351602957
2025-04-24 06:00,3.3463083332293215
2025-04-24 07:00,4.1690612421319075
2025-04-24 08:00,4.064650805996426
2025-04-24 09:00,6.781165168723948
2025-04-24 10:00,9.903442523846657
2025-04-24 11:00,11.555444884499323
2025-04-24 12:00,12.01738273157244
2025-04-24 13:00,11.837834049553734
2025-04-24 14:00,13.433984484522217
2025-04-24 15:00,13.698340592957923
2025-04-24 16:00,14.19282241095192
2025-04-24 17:00,14.120264013878781
2025-04-24 18:00,19.360899357767646
2025-04-24 19:00,20.51142255595998
2025-04-24 20:00,24.36884340613371
2025-04-24 21:00,23.068929365173048
2025-04-24 22:00,21.863578771580684
2025-04-24 23:00,23.688211153543342
2025-04-25 00:00,20.49339446223246
2025-04-25 01:00,12.563063705284833
2025-04-25 02:00,15.321069005968045
2025-04-25 03:00,18.85061510612322
2025-04-25 04:00,20.047932543124958
2025-04-25 05:00,19.373535103214742
2025-04-25 06:00,13.771998251901802
2025-04-25 07:00,7.590022696985773
2025-04-25 08:00,7.942539290929996
2025-04-25 09:00,9.026538984279936
2025-04-25 10:00,9.308858949042449
2025-04-25 11:00,9.669502083926844
2025-04-25 12:00,10.230150768375227
2025-04-25 13:00,9.40891465807411
2025-04-25 14:00,11.502849865707413
2025-04-25 15:00,11.741048539460014
2025-04-25 16:00,11.497984682708626
2025-04-25 17:00,10.510789099759862
2025-04-25 18:00,8.039718910267204
2025-04-25 19:00,5.114911211255678
2025-04-25 20:00,2.9809478109682406
2025-04-25 21:00,2.7234833346604725
2025-04-25 22:00,2.7734258151526068
2025-04-25 23:00,3.0951656578993116
2025-04-26 00:00,4.0636544687727225
2025-04-26 01:00,4.620837470812688
2025-04-26 02:00,4.931768599511813
2025-04-26 03:00,4.875805263768765
2025-04-26 04:00,5.201355932250014
2025-04-26 05:00,6.205556772082254
2025-04-26 06:00,10.041126583910714
2025-04-26 07:00,4.037000301793851
2025-04-26 08:00,3.813074274755081
2025-04-26 09:00,6.930286228339858
2025-04-26 10:00,9.599467774020734
2025-04-26 11:00,15.219390734240243
2025-04-26 12:00,16.31966471876043
2025-04-26 13:00,20.091699354725733
2025-04-26 14:00,24.587735460183843
2025-04-26 15:00,28.43091465694792
2025-04-26 16:00,28.959929091653628
2025-04-26 17:00,30.110401352741093
2025-04-26 18:00,27.50575491003887
2025-04-26 19:00,29.10364973877096
2025-04-26 20:00,26.638844315099956
2025-04-26 21:00,30.9509186697437
2025-04-26 22:00,28.63420189380414
2025-04-26 23:00,25.867637769207157
2025-04-27 00:00,27.88212595724428
2025-04-27 01:00,30.21678996382896
2025-04-27 02:00,24.66557128428999
2025-04-27 03:00,22.680509597006257
2025-04-27 04:00,24.13566194607123
2025-04-27 05:00,23.896368749416695
2025-04-27 06:00,23.804411629355236
2025-04-27 07:00,27.31193346254505
2025-04-27 08:00,29.01271375381913
2025-04-27 09:00,20.175897537198068
2025-04-27 10:00,16.067532579208766
2025-04-27 11:00,13.411273155893927
2025-04-27 12:00,16.264318965170816
2025-04-27 13:00,19.13420073995328
2025-04-27 14:00,17.70512804545895
2025-04-27 15:00,14.19624696562473
2025-04-27 16:00,11.777434372439778
2025-04-27 17:00,11.78751789264118
2025-04-27 18:00,12.579854777947379
2025-04-27 19:00,10.318288431969533
2025-04-27 20:00,10.788985912577989
2025-04-27 21:00,15.147021686786939
2025-04-27 22:00,9.529886608262178
2025-04-27 23:00,6.9123378057624745
2025-04-28 00:00,6.904668582770633
2025-04-28 01:00,5.877785891161811
2025-04-28 02:00,5.216056982793296
2025-04-28 03:00,5.645209986140076
2025-04-28 04:00,3.8703247744181355
2025-04-28 05:00,6.569107973572782
2025-04-28 06:00,7.233255673589618
2025-04-28 07:00,6.8399830300887015
2025-04-28 08:00,7.469765738123325
2025-04-28 09:00,12.589070141895231
2025-04-28 10:00,17.132023298960156
2025-04-28 11:00,18.99271369795113
2025-04-28 12:00,22.147157634117356
2025-04-28 13:00,21.662544813586077
2025-04-28 14:00,25.507408545072146
2025-04-28 15:00,28.462317391496114
2025-04-28 16:00,31.333165178823357
2025-04-28 17:00,34.65212483008747
2025-04-28 18:00,35.63388043088216
2025-04-28 19:00,32.33699610929433
2025-04-28 20:00,25.57376365322724
2025-04-28 21:00,15.982343305293847
2025-04-28 22:00,10.862018164749838
2025-04-28 23:00,16.186342338124525
2025-04-29 00:00,6.784386300780351
2025-04-29 01:00,3.1477201736608644
2025-04-29 02:00,2.6762604029554375
2025-04-29 03:00,4.6608877012987495
2025-04-29 04:00,3.976530057287718
2025-04-29 05:00,3.449715320019042
2025-04-29 06:00,2.606195001375805
2025-04-29 07:00,1.7515636078423316
2025-04-29 08:00,1.2456981655160893
2025-04-29 09:00,1.1487075403113867
2025-04-29 10:00,1.329106980873892
2025-04-29 11:00,3.2792446781211027
2025-04-29 12:00,4.258095210882217
2025-04-29 13:00,4.59406602312103
2025-04-29 14:00,5.843239020213341
2025-04-29 15:00,6.960611751169028
2025-04-29 16:00,7.419101203860916
2025-04-29 17:00,9.523621702576087
2025-04-29 18:00,10.526206167644865
2025-04-29 19:00,9.22509117649513
2025-04-29 20:00,12.315029355921093
2025-04-29 21:00,17.014724498097188
2025-04-29 22:00,19.480191684427023
2025-04-29 23:00,26.865913364808506
2025-04-30 00:00,40.41644225462699
2025-04-30 01:00,46.298710849025454
2025-04-30 02:00,48.415991479208756
2025-04-30 03:00,47.94106118187271
2025-04-30 04:00,48.45630897689334
2025-04-30 05:00,42.74182488754455
2025-04-30 06:00,42.154570348122874
2025-04-30 07:00,44.066950503471986
2025-04-30 08:00,45.212571368201615
2025-04-30 09:00,45.491342661996505
2025-04-30 10:00,45.74061022642709
2025-04-30 11:00,47.229572236963406
2025-04-30 12:00,46.6854165568507
2025-04-30 13:00,47.65690682586705
2025-04-30 14:00,48.37803488137176
2025-04-30 15:00,48.52161380349377
2025-04-30 16:00,47.000492307621954
2025-04-30 17:00,45.51925468378103
2025-04-30 18:00,41.69414613145059
2025-04-30 19:00,40.58822400653705
2025-04-30 20:00,46.909617831851136
2025-04-30 21:00,49.901596087535125
2025-04-30 22:00,50.04442883193431
2025-04-30 23:00,47.931634514591174
2025-05-01 00:00,46.80494294945364
2025-05-01 01:00,53.67386115428327
2025-05-01 02:00,53.147137147729865
2025-05-01 03:00,50.11213066315179
2025-05-01 04:00,53.50822001706889
2025-05-01 05:00,55.142100407980855
2025-05-01 06:00,54.24046832188364
2025-05-01 07:00,51.41070055359351
2025-05-01 08:00,52.03111479661705
2025-05-01 09:00,52.75067786997141
2025-05-01 10:00,52.12943734499101
2025-05-01 11:00,50.02577489615804
2025-05-01 12:00,49.29626704890685
2025-05-01 13:00,45.30427807518268
2025-05-01 14:00,46.22501737944349
2025-05-01 15:00,33.65119764289848
2025-05-01 16:00,32.56532623172823
2025-05-01 17:00,29.50083024426807
2025-05-01 18:00,30.266917809286483
2025-05-01 19:00,25.93551581255003
2025-05-01 20:00,17.748675231585523
2025-05-01 21:00,15.947495494611413
2025-05-01 22:00,16.763959685354507
2025-05-01 23:00,15.318981707171092
2025-05-02 00:00,23.731795863284873
2025-05-02 01:00,26.816656698633842
2025-05-02 02:00,34.64869759606188
2025-05-02 03:00,37.336499769839264
2025-05-02 04:00,39.79278045826135
2025-05-02 05:00,33.34491928318605
2025-05-02 06:00,34.13728421125792
2025-05-02 07:00,37.68180052681278
2025-05-02 08:00,40.98271585838183
2025-05-02 09:00,37.92250042009304
2025-05-02 10:00,36.24543670021983
2025-05-02 11:00,29.383766516656152
2025-05-02 12:00,27.06905315547116
2025-05-02 13:00,23.355490381395484
2025-05-02 14:00,21.636156920827126
2025-05-02 15:00,19.363317802498763
2025-05-02 16:00,16.499340847038194
2025-05-02 17:00,14.727819611287945
2025-05-02 18:00,7.988621253156484
2025-05-02 19:00,6.9675347734687545
2025-05-02 20:00,4.773826892706298
2025-05-02 21:00,4.719180452679657
2025-05-02 22:00,4.389185136241035
2025-05-02 23:00,5.34691511300017
2025-05-03 00:00,4.119910548432138
2025-05-03 01:00,8.271483677020136
2025-05-03 02:00,9.543054522718752
2025-05-03 03:00,11.562782655659472
2025-05-03 04:00,13.228794808375222
2025-05-03 05:00,22.775273752219675
2025-05-03 06:00,21.59186143132647
2025-05-03 07:00,17.041344993524724
2025-05-03 08:00,19.29967888137503
2025-05-03 09:00,22.169310838117504
2025-05-03 10:00,20.93593450610427
2025-05-03 11:00,21.616701010822037
2025-05-03 12:00,13.78898314412537
2025-05-03 13:00,9.666659141053723
2025-05-03 14:00,11.653730745811023
2025-05-03 15:00,22.165715868716205
2025-05-03 16:00,34.546686628218836
2025-05-03 17:00,40.62023151028854
2025-05-03 18:00,40.69178313736175
2025-05-03 19:00,36.44540288459631
2025-05-03 20:00,29.49630823974138
2025-05-03 21:00,31.45060291521137
2025-05-03 22:00,25.6470346055547
2025-05-03 23:00,19.250710928401
2025-05-04 00:00,7.619905807424369
2025-05-04 01:00,7.792843688202929
2025-05-04 02:00,10.513757265224623
2025-05-04 03:00,8.029179596848161
2025-05-04 04:00,8.18338009407258
2025-05-04 05:00,7.5291137254232625
2025-05-04 06:00,6.995926503618858
2025-05-04 07:00,4.483506339029378
2025-05-04 08:00,3.7855975408689084
2025-05-04 09:00,3.977169690132565
2025-05-04 10:00,4.66267635248459
2025-05-04 11:00,5.169173491072838
2025-05-04 12:00,6.41576143017474
2025-05-04 13:00,9.36427743739643
2025-05-04 14:00,11.522008971436406
2025-05-04 15:00,10.699518716125773
2025-05-04 16:00,11.093798988070528
2025-05-04 17:00,10.112647717545855
2025-05-04 18:00,8.703022258585957
2025-05-04 19:00,4.67741787597719
2025-05-04 20:00,4.116532607210802
2025-05-04 21:00,3.2404354473993804
2025-05-04 22:00,2.672649518175249
2025-05-04 23:00,4.089023526102681
2025-05-05 00:00,0.24216747439569927
2025-05-05 01:00,0.16662674610825384
2025-05-05 02:00,0.7211961240058147
2025-05-05 03:00,1.8474982999713625
2025-05-05 04:00,0.696932023103416
2025-05-05 05:00,1.4892642385001467
2025-05-05 06:00,0.5114723419853221
2025-05-05 07:00,0.25303149631168464
2025-05-05 08:00,0.3105060950591637
2025-05-05 09:00,1.0055877355253418
2025-05-05 10:00,0.6471342846277923
2025-05-05 11:00,0.3198469992040144
2025-05-05 12:00,0.24742666895222737
2025-05-05 13:00,1.397339032527567
2025-05-05 14:00,0.774936268511883
2025-05-05 15:00,0.6236560590269737
2025-05-05 16:00,0.6436105825533599
2025-05-05 17:00,0.975383016924404
2025-05-05 18:00,4.813677496562381
2025-05-05 19:00,12.286117787946925
2025-05-05 20:00,6.349889421839163
2025-05-05 21:00,3.795920460150646
2025-05-05 22:00,5.764529676731282
2025-05-05 23:00,3.286651297083707
2025-05-06 00:00,4.383897775337914
2025-05-06 01:00,4.650555122485794
2025-05-06 02:00,6.2241617787581
2025-05-06 03:00,4.956044881741508
2025-05-06 04:00,3.708636677976831
2025-05-06 05:00,5.683943903087204
2025-05-06 06:00,7.27454012020781
2025-05-06 07:00,7.489633971105503
2025-05-06 08:00,4.659249435333794
2025-05-06 09:00,4.033323698896065
2025-05-06 10:00,2.922738047091891
2025-05-06 11:00,1.9797233068313447
2025-05-06 12:00,1.1464414206380795
2025-05-06 13:00,4.416922516874155
2025-05-06 14:00,3.5416144119924944
2025-05-06 15:00,5.5577665424790865
2025-05-06 16:00,5.386021615028455
2025-05-06 17:00,7.821859371697121
2025-05-06 18:00,6.509074606134248
2025-05-06 19:00,6.02241650519104
2025-05-06 20:00,4.941579598792188
2025-05-06 21:00,2.441176337839881
2025-05-06 22:00,2.908646989194394
2025-05-06 23:00,2.263100406107419
2025-05-07 00:00,0.5271682568470444
2025-05-07 01:00,0.38697386362603003
2025-05-07 02:00,0.48682805284994624
2025-05-07 03:00,0.2785436289014548
2025-05-07 04:00,1.0344663586277885
2025-05-07 05:00,0.5314492691855459
2025-05-07 06:00,0.5344578589010124
2025-05-07 07:00,0.24542821042156993
2025-05-07 08:00,0.16765638573738273
2025-05-07 09:00,0.19739179886551483
2025-05-07 10:00,0.08498487345522948
2025-05-07 11:00,0.1607673639018945
2025-05-07 12:00,0.630835586848576
2025-05-07 13:00,1.8857200510676613
2025-05-07 14:00,2.984421046906074
2025-05-07 15:00,3.9515475434897223
2025-05-07 16:00,3.3083643813304664
2025-05-07 17:00,2.9213054010556303
2025-05-07 18:00,1.3769618545784446
2025-05-07 19:00,0.8531513157932193
2025-05-07 20:00,0.4728412174784157
2025-05-07 21:00,0.23043070592925932
2025-05-07 22:00,0.3147664310975118
2025-05-07 23:00,0.20200003223625274
2025-05-08 00:00,0.3716423235999646
2025-05-08 01:00,0.2839607925152466
2025-05-08 02:00,1.4241124301529215
2025-05-08 03:00,0.5167356340734734
2025-05-08 04:00,0.43540163677755284
2025-05-08 05:00,1.1922404249239276
2025-05-08 06:00,0.8084724043221551
2025-05-08 07:00,0.6125961548457044
2025-05-08 08:00,0.6891550283226924
2025-05-08 09:00,0.054391648996569286
2025-05-08 10:00,0.021263891875373475
2025-05-08 11:00,0.16162539819748414
2025-05-08 12:00,0.05427539196025069
2025-05-08 13:00,0.0
2025-05-08 14:00,2.0796546155877675
2025-05-08 15:00,3.6546739392356353
2025-05-08 16:00,3.434466133747396
2025-05-08 17:00,2.334801903113989
2025-05-08 18:00,0.8410819300856802
2025-05-08 19:00,0.5973836334892668
2025-05-08 20:00,0.692205689879476
2025-05-08 21:00,0.6335736626890116
2025-05-08 22:00,0.7304056649232216
2025-05-08 23:00,1.375702490460472
2025-05-09 00:00,7.711887370319664
2025-05-09 01:00,8.80221268089776
2025-05-09 02:00,12.73505130513282
2025-05-09 03:00,16.24433696260179
2025-05-09 04:00,17.257248350585634
2025-05-09 05:00,28.36168591157725
2025-05-09 06:00,23.04666509638271
2025-05-09 07:00,25.515230881631826
2025-05-09 08:00,35.94833613020016
2025-05-09 09:00,39.42073717101663
2025-05-09 10:00,42.09245717769194
2025-05-09 11:00,42.268276675447844
2025-05-09 12:00,44.083034587345736
2025-05-09 13:00,47.43531894981239
2025-05-09 14:00,49.82762002555252
2025-05-09 15:00,51.212903415644135
2025-05-09 16:00,50.34765700552781
2025-05-09 17:00,48.796192408575706
2025-05-09 18:00,49.17158314557576
2025-05-09 19:00,49.463741679225876
2025-05-09 20:00,48.89676256243351
2025-05-09 21:00,47.914833036283284
2025-05-09 22:00,48.00131503310551
2025-05-09 23:00,44.75819129133231
2025-05-10 00:00,47.945038351067815
2025-05-10 01:00,49.84256501067719
2025-05-10 02:00,49.99921099114803
2025-05-10 03:00,48.01993052677511
2025-05-10 04:00,44.91407085053949
2025-05-10 05:00,43.444850059884196
2025-05-10 06:00,42.02622190007853
2025-05-10 07:00,42.06507713339256
2025-05-10 08:00,41.53207065473139
2025-05-10 09:00,40.599821464215246
2025-05-10 10:00,41.64578586802365
2025-05-10 11:00,42.41844150940455
2025-05-10 12:00,42.88895819153346
2025-05-10 13:00,43.799054617847204
2025-05-10 14:00,41.59742557527501
2025-05-10 15:00,41.81975680061586
2025-05-10 16:00,41.706472776391266
2025-05-10 17:00,39.33061630281169
2025-05-10 18:00,36.22539577623945
2025-05-10 19:00,34.476358424557645
2025-05-10 20:00,31.26060329807158
2025-05-10 21:00,29.913067979127757
2025-05-10 22:00,26.461517320484703
2025-05-10 23:00,20.453568133884488
2025-05-11 00:00,10.083793397056315
2025-05-11 01:00,8.15093889689998
2025-05-11 02:00,5.115170895257668
2025-05-11 03:00,3.0960314214091333
2025-05-11 04:00,2.392333404658515
2025-05-11 05:00,1.5291685917644642
2025-05-11 06:00,1.7130771209809534
2025-05-11 07:00,1.933017670123031
2025-05-11 08:00,2.0982162672073756
2025-05-11 09:00,2.3407137548753623
2025-05-11 10:00,5.704078773010768
2025-05-11 11:00,6.4164931364054505
2025-05-11 12:00,8.230541611228379
2025-05-11 13:00,8.300912557573898
2025-05-11 14:00,8.137876544716725
2025-05-11 15:00,7.64554956014382
2025-05-11 16:00,5.937392326693658
2025-05-11 17:00,6.4212181818940675
2025-05-11 18:00,5.598966415648818
2025-05-11 19:00,4.614634547095889
2025-05-11 20:00,5.740103559024178
2025-05-11 21:00,6.698783291594971
2025-05-11 22:00,5.188435282665253
2025-05-11 23:00,6.036774516549434
2025-05-12 00:00,7.737479906544587
2025-05-12 01:00,7.274006695675172
2025-05-12 02:00,9.079770596302051
2025-05-12 03:00,9.594956582001952
2025-05-12 04:00,12.184892357261283
2025-05-12 05:00,12.677891738512391
2025-05-12 06:00,11.779540977434232
2025-05-12 07:00,13.417096202073868
2025-05-12 08:00,17.051531281086042
2025-05-12 09:00,14.752730707464085
2025-05-12 10:00,15.262747982583639
2025-05-12 11:00,15.04564144521743
2025-05-12 12:00,20.265307971519324
2025-05-12 13:00,22.740656368461153
2025-05-12 14:00,24.044385458071538
2025-05-12 15:00,25.178295030824636
2025-05-12 16:00,28.596859138005158
2025-05-12 17:00,30.069912314432475
2025-05-12 18:00,28.249880264463485
2025-05-12 19:00,31.50716426609231
2025-05-12 20:00,37.00022601316715
2025-05-12 21:00,31.15629588353818
2025-05-12 22:00,33.97244299639472
2025-05-12 23:00,42.001951025973355
2025-05-13 00:00,42.98314782595678
2025-05-13 01:00,47.331944311127074
2025-05-13 02:00,44.60342567270334
2025-05-13 03:00,38.05250007590503
2025-05-13 04:00,43.81598099960752
2025-05-13 05:00,43.69970524324053
2025-05-13 06:00,40.852814060870294
2025-05-13 07:00,40.68180206588949
2025-05-13 08:00,42.3729666052715
2025-05-13 09:00,43.845984642567146
2025-05-13 10:00,42.90713411003828
2025-05-13 11:00,44.06814233946771
2025-05-13 12:00,42.33213278157403
2025-05-13 13:00,42.8908411914574
2025-05-13 14:00,42.48774936695311
2025-05-13 15:00,41.93458222155874
2025-05-13 16:00,41.008522680436506
2025-05-13 17:00,38.11843741635796
2025-05-13 18:00,33.6258834802195
2025-05-13 19:00,31.987880960150783
2025-05-13 20:00,31.995359322582814
2025-05-13 21:00,28.543633208071114
2025-05-13 22:00,25.271774356137236
2025-05-13 23:00,20.40834298790513
2025-05-14 00:00,17.45773756830471
2025-05-14 01:00,18.597828027404
2025-05-14 02:00,17.117470174684232
2025-05-14 03:00,18.17876816963257
2025-05-14 04:00,17.088491571025443
2025-05-14 05:00,11.848886585147262
2025-05-14 06:00,11.91568153910962
2025-05-14 07:00,13.06497784170277
2025-05-14 08:00,14.833283097542616
2025-05-14 09:00,15.015673483461432
2025-05-14 10:00,19.850651441629836
2025-05-14 11:00,23.04360393228626
2025-05-14 12:00,26.360270310333824
2025-05-14 13:00,23.270296678800904
2025-05-14 14:00,24.243153361137864
2025-05-14 15:00,24.09039655472186
2025-05-14 16:00,33.69188272724257
2025-05-14 17:00,34.28355608201571
2025-05-14 18:00,31.20883751726224
2025-05-14 19:00,29.511575417352248
2025-05-14 20:00,32.51108130493735
2025-05-14 21:00,28.957798585146243
2025-05-14 22:00,36.32414688315788
2025-05-14 23:00,36.52893901349992
2025-05-15 00:00,37.39086746146691
2025-05-15 01:00,39.66946147242932
2025-05-15 02:00,40.136815452072895
2025-05-15 03:00,44.643044588416444
2025-05-15 04:00,38.981305647661756
2025-05-15 05:00,36.68447375156286
2025-05-15 06:00,29.044414605789914
2025-05-15 07:00,36.22736614887707
2025-05-15 08:00,27.126708103524045
2025-05-15 09:00,21.863967852111813
2025-05-15 10:00,20.42654008462619
2025-05-15 11:00,19.703593286258982
2025-05-15 12:00,18.094495181323854
2025-05-15 13:00,16.900827615364044
2025-05-15 14:00,16.13315587291176
2025-05-15 15:00,17.13051953989511
2025-05-15 16:00,17.618002357045597
2025-05-15 17:00,17.635611131656916
2025-05-15 18:00,14.818545245274155
2025-05-15 19:00,17.582802442464825
2025-05-15 20:00,16.55652878144482
2025-05-15 21:00,17.44062816140471
2025-05-15 22:00,24.035591113462363
2025-05-15 23:00,23.835410567364164
2025-05-16 00:00,12.701650199632702
2025-05-16 01:00,13.755803874464274
2025-05-16 02:00,19.96113870056795
2025-05-16 03:00,20.54085114128369
2025-05-16 04:00,13.829232908152918
2025-05-16 05:00,11.496467179967873
2025-05-16 06:00,7.441894904068481
2025-05-16 07:00,9.279206342124391
2025-05-16 08:00,7.246693380088059
2025-05-16 09:00,13.946801890031793
2025-05-16 10:00,22.28018211393666
2025-05-16 11:00,16.86447133413384
2025-05-16 12:00,21.2588175352829
2025-05-16 13:00,19.12559227894885
2025-05-16 14:00,17.41649187935197
2025-05-16 15:00,27.52047625694467
2025-05-16 16:00,34.9543290178094
2025-05-16 17:00,43.47128888646657
2025-05-16 18:00,46.20663391658408
2025-05-16 19:00,45.57345634781505
2025-05-16 20:00,42.3829702969638
2025-05-16 21:00,41.20591634365819
2025-05-16 22:00,38.8109295683969
2025-05-16 23:00,39.035948512573725
2025-05-17 00:00,27.88988392164169
2025-05-17 01:00,21.911020617436584
2025-05-17 02:00,10.565822104429715
2025-05-17 03:00,8.349397737724532
2025-05-17 04:00,7.032991340565125
2025-05-17 05:00,5.27640199516283
2025-05-17 06:00,5.0550019158028485
2025-05-17 07:00,4.212913970480397
2025-05-17 08:00,5.74773537034657
2025-05-17 09:00,6.373246775617359
2025-05-17 10:00,4.360107489864031
2025-05-17 11:00,6.8744285305608415
2025-05-17 12:00,6.963033076261933
2025-05-17 13:00,5.420280094364788
2025-05-17 14:00,5.871331165730183
2025-05-17 15:00,10.337967395890603
2025-05-17 16:00,16.21646185951488
2025-05-17 17:00,19.48792922913645
2025-05-17 18:00,22.30191648509362
2025-05-17 19:00,25.88869459729426
2025-05-17 20:00,24.28703778333817
2025-05-17 21:00,21.496134802844374
2025-05-17 22:00,22.222858171273753
2025-05-17 23:00,16.75612415302321
2025-05-18 00:00,15.20403844363835
2025-05-18 01:00,12.184848480025554
2025-05-18 02:00,11.798273127016236
2025-05-18 03:00,7.7682867799684185
2025-05-18 04:00,9.013840962245693
2025-05-18 05:00,6.67212990788906
2025-05-18 06:00,8.218730766409216
2025-05-18 07:00,10.891790923883775
2025-05-18 08:00,8.018245364050026
2025-05-18 09:00,4.282659503282233
2025-05-18 10:00,3.1876087198364935
2025-05-18 11:00,2.2568985550365444
2025-05-18 12:00,5.466072575761922
2025-05-18 13:00,6.008210980709864
2025-05-18 14:00,6.064354667390066
2025-05-18 15:00,7.082248580727189
2025-05-18 16:00,6.279026163451357
2025-05-18 17:00,5.451510124469673
2025-05-18 18:00,3.786200425014754
2025-05-18 19:00,2.66711814768727
2025-05-18 20:00,2.08899706760515
2025-05-18 21:00,1.4231660448985564
2025-05-18 22:00,1.299790627938704
2025-05-18 23:00,1.2783467540009257
2025-05-19 00:00,6.468813563896205
2025-05-19 01:00,6.605704795458907
2025-05-19 02:00,8.994725541702675
2025-05-19 03:00,13.976537393172443
2025-05-19 04:00,15.427797725725632
2025-05-19 05:00,21.26537288198629
2025-05-19 06:00,30.993465802619845
2025-05-19 07:00,40.782857127367585
2025-05-19 08:00,50.346630705332764
2025-05-19 09:00,51.48696613510518
2025-05-19 10:00,52.488442720995785
2025-05-19 11:00,50.930931050881185
2025-05-19 12:00,51.51040528075708
2025-05-19 13:00,49.97039016498503
2025-05-19 14:00,49.46739130958596
2025-05-19 15:00,49.32867798787555
2025-05-19 16:00,49.22222026599363
2025-05-19 17:00,51.82316704864283
2025-05-19 18:00,50.08806161534597
2025-05-19 19:00,48.30004580395919
2025-05-19 20:00,45.79815426996869
2025-05-19 21:00,45.48044416111139
2025-05-19 22:00,44.600523393105036
2025-05-19 23:00,42.23210229152811
2025-05-20 00:00,49.31895733378711
2025-05-20 01:00,50.41729250692549
2025-05-20 02:00,49.69802387688968
2025-05-20 03:00,45.13538503179369
2025-05-20 04:00,43.38357019613315
2025-05-20 05:00,42.45981300920066
2025-05-20 06:00,42.43912100762081
2025-05-20 07:00,44.37137412457683
2025-05-20 08:00,42.395952818851185
2025-05-20 09:00,38.40134816570025
2025-05-20 10:00,36.29395511252493
2025-05-20 11:00,36.02540368171879
2025-05-20 12:00,35.44569447618896
2025-05-20 13:00,30.83254389349745
2025-05-20 14:00,32.85491176421288
2025-05-20 15:00,33.27839120428928
2025-05-20 16:00,32.43232229251517
2025-05-20 17:00,31.626553987484172
2025-05-20 18:00,23.341928989752
2025-05-20 19:00,19.62842095801028
2025-05-20 20:00,23.424087293875715
2025-05-20 21:00,24.998941285579455
2025-05-20 22:00,25.830644996964935
2025-05-20 23:00,24.011463344752862
2025-05-21 00:00,17.69805506618877
2025-05-21 01:00,13.900655806106531
2025-05-21 02:00,12.726406610813445
2025-05-21 03:00,18.39033158467107
2025-05-21 04:00,19.12715754462819
2025-05-21 05:00,16.811254422028885
2025-05-21 06:00,16.07865861343621
2025-05-21 07:00,13.555614077843092
2025-05-21 08:00,12.596183259496886
2025-05-21 09:00,8.423128850852649
2025-05-21 10:00,2.889328407991016
2025-05-21 11:00,3.4562851268402066
2025-05-21 12:00,3.5518615578646635
2025-05-21 13:00,4.30118684313169
2025-05-21 14:00,2.812685404414073
2025-05-21 15:00,4.22130802867128
2025-05-21 16:00,4.170235961748561
2025-05-21 17:00,3.801527040748354
2025-05-21 18:00,5.429370667768364
2025-05-21 19:00,6.013120509438313
2025-05-21 20:00,6.13945765103691
2025-05-21 21:00,4.052481551935581
2025-05-21 22:00,4.329764679810594
2025-05-21 23:00,4.642622218566014
2025-05-22 00:00,4.9260903516137144
2025-05-22 01:00,8.317935449304501
2025-05-22 02:00,9.247713219698749
2025-05-22 03:00,10.232043889862393
2025-05-22 04:00,4.615728403144069
2025-05-22 05:00,2.3301166487044074
2025-05-22 06:00,3.1601308540312267
2025-05-22 07:00,2.8471018077518377
2025-05-22 08:00,2.7089600153209648
2025-05-22 09:00,2.179234291875984
2025-05-22 10:00,1.9373176480763772
2025-05-22 11:00,2.172577974770781
2025-05-22 12:00,2.3519546183355753
2025-05-22 13:00,3.263646779210281
2025-05-22 14:00,4.305321363387597
2025-05-22 15:00,4.979380392834639
2025-05-22 16:00,4.419210476233863
2025-05-22 17:00,4.675113548047119
2025-05-22 18:00,4.625775883176905
2025-05-22 19:00,3.3608987500965113
2025-05-22 20:00,2.2132073731437463
2025-05-22 21:00,1.9722342450895425
2025-05-22 22:00,2.3243845081970567
2025-05-22 23:00,2.4978849943387513
2025-05-23 00:00,3.2143717668609684
2025-05-23 01:00,3.100917686694398
2025-05-23 02:00,1.662052767082664
2025-05-23 03:00,0.6454155854561126
2025-05-23 04:00,0.7941284721937778
2025-05-23 05:00,0.40761222976131906
2025-05-23 06:00,0.591017205447488
2025-05-23 07:00,0.8073008269950408
2025-05-23 08:00,0.7928558789563976
2025-05-23 09:00,0.2632294964354567
2025-05-23 10:00,0.15507381592003083
2025-05-23 11:00,0.3549484335344463
2025-05-23 12:00,0.25363945466096466
2025-05-23 13:00,0.2908717260333765
2025-05-23 14:00,0.08318685094009376
2025-05-23 15:00,0.4123299149626603
2025-05-23 16:00,0.823930824594902
2025-05-23 17:00,2.332594375220195
2025-05-23 18:00,3.400433550037316
2025-05-23 19:00,3.416649300822052
2025-05-23 20:00,2.560097819144746
2025-05-23 21:00,1.8902345082861518
2025-05-23 22:00,1.4190400187346626
2025-05-23 23:00,0.9438217073613993
2025-05-24 00:00,3.280352420609124
2025-05-24 01:00,3.70218212413549
2025-05-24 02:00,4.926067861089381
2025-05-24 03:00,7.38994187067281
2025-05-24 04:00,6.421962886334813
2025-05-24 05:00,6.85133819428125
2025-05-24 06:00,4.016910996622954
2025-05-24 07:00,4.114412823725705
2025-05-24 08:00,5.8285733818139445
2025-05-24 09:00,3.862569152722438
2025-05-24 10:00,3.1697840450911814
2025-05-24 11:00,2.9253904949241543
2025-05-24 12:00,3.1771336246447293
2025-05-24 13:00,4.604219049112449
2025-05-24 14:00,6.305875767574209
2025-05-24 15:00,7.552541932050033
2025-05-24 16:00,7.4592864764848255
2025-05-24 17:00,8.003585129515654
2025-05-24 18:00,9.83415089518606
2025-05-24 19:00,5.860054331884763
2025-05-24 20:00,6.417440608027895
2025-05-24 21:00,6.696970226937831
2025-05-24 22:00,8.797474044033926
2025-05-24 23:00,10.870400769247002
2025-05-25 00:00,18.11355402270829
2025-05-25 01:00,13.362625865276968
2025-05-25 02:00,11.081335518476568
2025-05-25 03:00,9.941050230500611
2025-05-25 04:00,10.42303725280528
2025-05-25 05:00,8.911043642112528
2025-05-25 06:00,4.493254486526245
2025-05-25 07:00,5.051321799419406
2025-05-25 08:00,4.004825397075396
2025-05-25 09:00,3.9032746804360925
2025-05-25 10:00,2.989800861790499
2025-05-25 11:00,3.4368120531677264
2025-05-25 12:00,4.373708397335177
2025-05-25 13:00,5.632323128396834
2025-05-25 14:00,6.922019370191368
2025-05-25 15:00,7.4949829011706255
2025-05-25 16:00,7.148251487803337
2025-05-25 17:00,6.638728950680044
2025-05-25 18:00,4.8380461676397575
2025-05-25 19:00,1.8274727439888148
2025-05-25 20:00,0.8269529473425041
2025-05-25 21:00,1.169659879727271
2025-05-25 22:00,1.311698895763599
2025-05-25 23:00,2.6651604317778164
2025-05-26 00:00,2.4202353635750278
2025-05-26 01:00,3.0775701936385396
2025-05-26 02:00,3.3989851344526296
2025-05-26 03:00,3.5461842477715093
2025-05-26 04:00,2.2757019091738138
2025-05-26 05:00,1.793164754992759
2025-05-26 06:00,1.6533166752994344
2025-05-26 07:00,1.6135355048785032
2025-05-26 08:00,1.676000132424641
2025-05-26 09:00,2.6632811573201822
2025-05-26 10:00,3.7585309462891967
2025-05-26 11:00,4.530721117235515
2025-05-26 12:00,4.079852838942326
2025-05-26 13:00,6.171246067958311
2025-05-26 14:00,6.731833960852191
2025-05-26 15:00,6.684054512837224
2025-05-26 16:00,6.636045603209844
2025-05-26 17:00,7.0488194683736705
2025-05-26 18:00,5.082252929397708
2025-05-26 19:00,4.5193477027007845
2025-05-26 20:00,4.302830346833504
2025-05-26 21:00,4.079761481113173
2025-05-26 22:00,3.729559923009599
2025-05-26 23:00,4.1797778107325865
2025-05-27 00:00,3.0550429156994676
2025-05-27 01:00,3.4158226460825682
2025-05-27 02:00,3.1490528688084938
2025-05-27 03:00,2.750157922297685
2025-05-27 04:00,2.3749276972969993
2025-05-27 05:00,1.7250294062814513
2025-05-27 06:00,1.209637419358383
2025-05-27 07:00,1.1863377040681935
2025-05-27 08:00,0.8786209213239996
2025-05-27 09:00,0.5307007792269955
2025-05-27 10:00,0.5946294563052655
2025-05-27 11:00,1.2005734894585767
2025-05-27 12:00,1.6064258438604035
2025-05-27 13:00,1.87321798284365
2025-05-27 14:00,2.47504001449905
2025-05-27 15:00,2.7896918139987266
2025-05-27 16:00,2.3052516972483046
2025-05-27 17:00,1.9673798849732078
2025-05-27 18:00,1.5449600270785684
2025-05-27 19:00,0.8825764048482421
2025-05-27 20:00,0.8102111884623966
2025-05-27 21:00,0.9251250916767171
2025-05-27 22:00,0.9083025396915211
2025-05-27 23:00,2.2195950661796107
2025-05-28 00:00,0.15404276242137507
2025-05-28 01:00,0.19243276887268762
2025-05-28 02:00,0.27870175442972406
2025-05-28 03:00,0.2752460528555073
2025-05-28 04:00,0.6668531379641084
2025-05-28 05:00,0.3406946841789394
2025-05-28 06:00,0.41189718515238016
2025-05-28 07:00,0.18256493663435447
2025-05-28 08:00,0.22945187147356577
2025-05-28 09:00,0.3362808005433192
2025-05-28 10:00,0.265442123771894
2025-05-28 11:00,0.28979665148994294
2025-05-28 12:00,0.9759959242611662
2025-05-28 13:00,2.5665310200738873
2025-05-28 14:00,3.4000898120734826
2025-05-28 15:00,4.715256107079732
2025-05-28 16:00,4.886296529432972
2025-05-28 17:00,3.5937730513083173
2025-05-28 18:00,3.334062951365823
2025-05-28 19:00,2.167813350095879
2025-05-28 20:00,4.642843041826858
2025-05-28 21:00,1.5971738543568255
2025-05-28 22:00,1.001662938793576
2025-05-28 23:00,0.7804137338901095
2025-05-29 00:00,2.6868709270597684
2025-05-29 01:00,2.092058253384357
2025-05-29 02:00,2.2705729572887265
2025-05-29 03:00,2.346259714741464
2025-05-29 04:00,3.3753222505756932
2025-05-29 05:00,2.487039415922774
2025-05-29 06:00,2.3092779072331164
2025-05-29 07:00,3.262714632625214
2025-05-29 08:00,3.1667935750183247
2025-05-29 09:00,2.8425878460504275
2025-05-29 10:00,3.130158926143657
2025-05-29 11:00,2.9638852788832666
2025-05-29 12:00,7.3780440727184455
2025-05-29 13:00,9.317153204291905
2025-05-29 14:00,12.807229685428545
2025-05-29 15:00,13.721454483485408
2025-05-29 16:00,12.77338650626628
2025-05-29 17:00,11.097367316578396
2025-05-29 18:00,11.023905314543757
2025-05-29 19:00,5.255183218802179
2025-05-29 20:00,2.8316014481410585
2025-05-29 21:00,2.2434465397432564
2025-05-29 22:00,1.9589803402437567
2025-05-29 23:00,2.7381927096663654
2025-05-30 00:00,2.6455941143235724
2025-05-30 01:00,1.9667805825037208
2025-05-30 02:00,2.6019713969567135
2025-05-30 03:00,2.323674616984851
2025-05-30 04:00,1.359108573124146
2025-05-30 05:00,1.4488896417488002
2025-05-30 06:00,1.6048175404764273
2025-05-30 07:00,1.4179967864721919
2025-05-30 08:00,1.2231126640341192
2025-05-30 09:00,1.228340261399825
2025-05-30 10:00,0.7432568382172603
2025-05-30 11:00,2.0462732714410956
2025-05-30 12:00,3.1985590945924
2025-05-30 13:00,4.516470040260537
2025-05-30 14:00,4.0783090681884095
2025-05-30 15:00,5.2311746712638225
2025-05-30 16:00,5.064238767586173
2025-05-30 17:00,5.0670028530221085
2025-05-30 18:00,3.774361514593825
2025-05-30 19:00,2.597122171927251
2025-05-30 20:00,1.8430936685978434
2025-05-30 21:00,1.4683770813947066
2025-05-30 22:00,1.3849534344029828
2025-05-30 23:00,1.3621308878937386
2025-05-31 00:00,0.3104814216237872
2025-05-31 01:00,0.5994516658255439
2025-05-31 02:00,0.7857482017183062
2025-05-31 03:00,1.3355393993755746
2025-05-31 04:00,0.386913880894593
2025-05-31 05:00,0.6590575619847898
2025-05-31 06:00,0.5648121398069356
2025-05-31 07:00,0.3772840766386363
2025-05-31 08:00,0.29554867392438533
2025-05-31 09:00,0.45727941627268043
2025-05-31 10:00,0.7754476391035434
2025-05-31 11:00,1.2014910729007586
2025-05-31 12:00,1.2005583908994888
2025-05-31 13:00,2.8319401246539178
2025-05-31 14:00,3.1656531381446085
2025-05-31 15:00,4.091553378691849
2025-05-31 16:00,3.7424104670437917
2025-05-31 17:00,3.189742795623081
2025-05-31 18:00,3.218297215615783
2025-05-31 19:00,3.768887918192463
2025-05-31 20:00,0.5812178342924499
2025-05-31 21:00,0.43515529834482036
2025-05-31 22:00,0.4259042285245901
2025-05-31 23:00,0.35793541904755466
2025-06-01 00:00,0.12140095299948706
2025-06-01 01:00,0.14995364650250598
2025-06-01 02:00,0.027327203630338803
2025-06-01 03:00,0.07840541728510075
2025-06-01 04:00,0.11794204880568895
2025-06-01 05:00,0.5184730439660367
2025-06-01 06:00,0.1612196894206368
2025-06-01 07:00,0.0703598068349238
2025-06-01 08:00,0.09281106660936866
2025-06-01 09:00,0.11560294950468886
2025-06-01 10:00,0.15774940835258272
2025-06-01 11:00,0.17011512085503214
2025-06-01 12:00,0.5049152668408137
2025-06-01 13:00,0.935646849928504
2025-06-01 14:00,1.6733186849167567
2025-06-01 15:00,3.1668172626767532
2025-06-01 16:00,2.6626247135044707
2025-06-01 17:00,1.1375088216163824
2025-06-01 18:00,0.7522083110690733
2025-06-01 19:00,0.3513533601514566
2025-06-01 20:00,0.1219021833954515
2025-06-01 21:00,0.3272301069146096
2025-06-01 22:00,0.23759473655669078
2025-06-01 23:00,0.1892471909322812
2025-06-02 00:00,0.37866863638429166
2025-06-02 01:00,0.32707475422807875
2025-06-02 02:00,0.4805239039248025
2025-06-02 03:00,0.2369977289523587
2025-06-02 04:00,0.1032551011506615
2025-06-02 05:00,0.08446478805173177
2025-06-02 06:00,0.12707222886036923
2025-06-02 07:00,0.08090657193467046
2025-06-02 08:00,0.13027812963629998
2025-06-02 09:00,0.13902544020952884
2025-06-02 10:00,0.08531484431858885
2025-06-02 11:00,0.25888370181131565
2025-06-02 12:00,0.2300440219963457
2025-06-02 13:00,0.27517001124489743
2025-06-02 14:00,0.39173406436955543
2025-06-02 15:00,0.7263185149510467
2025-06-02 16:00,1.351732314667375
2025-06-02 17:00,1.9230277295317295
2025-06-02 18:00,3.2853062859797295
2025-06-02 19:00,1.9723208999723414
2025-06-02 20:00,1.3840790604887219
2025-06-02 21:00,0.8671934403957993
2025-06-02 22:00,1.75077733603263
2025-06-02 23:00,2.9141180550885952
2025-06-03 00:00,4.0821347263488565
2025-06-03 01:00,2.3232280691320737
2025-06-03 02:00,2.2712553935807884
2025-06-03 03:00,2.5724541933533036
2025-06-03 04:00,3.296114235325172
2025-06-03 05:00,4.717032656438112
2025-06-03 06:00,5.394347493015102
2025-06-03 07:00,10.272217868937783
2025-06-03 08:00,9.44622148058864
2025-06-03 09:00,7.790860421179087
2025-06-03 10:00,9.5906446580945
2025-06-03 11:00,9.098975467427909
2025-06-03 12:00,9.828461199560802
2025-06-03 13:00,10.52453251042516
2025-06-03 14:00,8.37658860677367
2025-06-03 15:00,7.64752843940012
2025-06-03 16:00,7.79491688721494
2025-06-03 17:00,6.96480295382001
2025-06-03 18:00,6.8791352194125475
2025-06-03 19:00,3.801296768380945
2025-06-03 20:00,4.860296595430112
2025-06-03 21:00,6.084448529848319
2025-06-03 22:00,9.250393393602556
2025-06-03 23:00,6.755972218808617
2025-06-04 00:00,6.181162349926174
2025-06-04 01:00,5.7858722148037085
2025-06-04 02:00,7.940737254293112
2025-06-04 03:00,12.283791510637172
2025-06-04 04:00,10.9074655774631
2025-06-04 05:00,13.881253510555988
2025-06-04 06:00,12.815875655924765
2025-06-04 07:00,9.885367843947508
2025-06-04 08:00,15.229707807198006
2025-06-04 09:00,14.192658031104527
2025-06-04 10:00,11.92209848980495
2025-06-04 11:00,9.381763749364788
2025-06-04 12:00,7.013210134597766
2025-06-04 13:00,7.785333482741519
2025-06-04 14:00,8.590475764620072
2025-06-04 15:00,9.244050843416462
2025-06-04 16:00,11.129497276328088
2025-06-04 17:00,11.610107111042137
2025-06-04 18:00,10.891341057513893
2025-06-04 19:00,9.836588271874094
2025-06-04 20:00,8.61520709090466
2025-06-04 21:00,7.891178696704059
2025-06-04 22:00,7.379420192485496
2025-06-04 23:00,3.9198909928231855
2025-06-05 00:00,2.512436353240823
2025-06-05 01:00,3.4162724974176877
2025-06-05 02:00,4.25507326026963
2025-06-05 03:00,3.7688309582319284
2025-06-05 04:00,2.649507243303656
2025-06-05 05:00,3.641442995799932
2025-06-05 06:00,3.1725780347356114
2025-06-05 07:00,3.8875955463715988
2025-06-05 08:00,1.985894554159202
2025-06-05 09:00,2.047475483050885
2025-06-05 10:00,3.5079238008078577
2025-06-05 11:00,4.647648547995865
2025-06-05 12:00,6.217989392352871
2025-06-05 13:00,7.167179765958864
2025-06-05 14:00,9.751404427143864
2025-06-05 15:00,11.015003125378016
2025-06-05 16:00,11.964096029911179
2025-06-05 17:00,12.96450612788372
2025-06-05 18:00,14.138403992394968
2025-06-05 19:00,13.9051067383813
2025-06-05 20:00,17.827973483071393
2025-06-05 21:00,24.66821565153628
2025-06-05 22:00,30.661190510757688
2025-06-05 23:00,28.892272412823154
2025-06-06 00:00,31.408281171296338
2025-06-06 01:00,31.235660700445976
2025-06-06 02:00,34.03332605576516
2025-06-06 03:00,40.77328986225454
2025-06-06 04:00,40.962579104070926
2025-06-06 05:00,39.6353915912326
2025-06-06 06:00,38.35116119009661
2025-06-06 07:00,34.300377981918864
2025-06-06 08:00,33.37140320205068
2025-06-06 09:00,34.182605371774756
2025-06-06 10:00,27.518439041053604
2025-06-06 11:00,29.96305055551681
2025-06-06 12:00,29.971656898950357
2025-06-06 13:00,26.22274092869367
2025-06-06 14:00,25.465016313064922
2025-06-06 15:00,29.73285650998446
2025-06-06 16:00,28.939308397495164
2025-06-06 17:00,28.181612501357318
2025-06-06 18:00,30.176212450921504
2025-06-06 19:00,21.430694610542563
2025-06-06 20:00,14.739612128625524
2025-06-06 21:00,14.826244383803205
2025-06-06 22:00,15.047965159973767
2025-06-06 23:00,19.25094631587679
2025-06-07 00:00,21.811612271921394
2025-06-07 01:00,21.94718647436172
2025-06-07 02:00,22.2204612091056
2025-06-07 03:00,20.682429105688456
2025-06-07 04:00,18.251937977487287
2025-06-07 05:00,13.272732600507432
2025-06-07 06:00,13.418088287052218
2025-06-07 07:00,11.988431852815953
2025-06-07 08:00,15.010020105222374
2025-06-07 09:00,20.65827532521081
2025-06-07 10:00,22.16408196320254
2025-06-07 11:00,21.501839489522645
2025-06-07 12:00,18.760534305694655
2025-06-07 13:00,16.898692052664877
2025-06-07 14:00,17.25786072966314
2025-06-07 15:00,14.69718464203098
2025-06-07 16:00,14.72791301945155
2025-06-07 17:00,17.03031831962363
2025-06-07 18:00,12.042798378570877
2025-06-07 19:00,7.677113518921788
2025-06-07 20:00,4.533958802289696
2025-06-07 21:00,2.2771831504596354
2025-06-07 22:00,2.7891860563567867
2025-06-07 23:00,3.4553683548848406
2025-06-08 00:00,0.25348976870682594
2025-06-08 01:00,0.046680115679221514
2025-06-08 02:00,0.22861455202098388
2025-06-08 03:00,0.3596587208908967
2025-06-08 04:00,0.15078343388951054
2025-06-08 05:00,0.14608790640112015
2025-06-08 06:00,0.30975169626919646
2025-06-08 07:00,0.039064862540671555
2025-06-08 08:00,0.07413184844639951
2025-06-08 09:00,0.044492281215781235
2025-06-08 10:00,0.10502140750720096
2025-06-08 11:00,0.028515110337587406
2025-06-08 12:00,0.24270279183531843
2025-06-08 13:00,0.30739843587802024
2025-06-08 14:00,1.0730500018429199
2025-06-08 15:00,2.068212819132492
2025-06-08 16:00,2.583606138622386
2025-06-08 17:00,2.164866484252651
2025-06-08 18:00,1.156719879905573
2025-06-08 19:00,0.09549731632897712
2025-06-08 20:00,0.0419892119147606
2025-06-08 21:00,0.07416055547637718
2025-06-08 22:00,0.022884894394334665
2025-06-08 23:00,0.08057564601140378
2025-06-09 00:00,0.16114730906446498
2025-06-09 01:00,0.5201035310941924
2025-06-09 02:00,0.008962077490980828
2025-06-09 03:00,0.010120247499733037
2025-06-09 04:00,0.036390434583720405
2025-06-09 05:00,0.031316799235771964
2025-06-09 06:00,0.009591704178095517
2025-06-09 07:00,0.1839854499978228
2025-06-09 08:00,0.12949578224911407
2025-06-09 09:00,0.29503379954913295
2025-06-09 10:00,0.4352925747376876
2025-06-09 11:00,0.4354315014398534
2025-06-09 12:00,0.35182421793853236
2025-06-09 13:00,0.8877230314588097
2025-06-09 14:00,1.4372337990654978
2025-06-09 15:00,2.5348499500257686
2025-06-09 16:00,2.830184146731451
2025-06-09 17:00,2.13086890151129
2025-06-09 18:00,1.031025729065573
2025-06-09 19:00,0.30378540483776106
2025-06-09 20:00,0.003876446306003716
2025-06-09 21:00,0.4078984862603963
2025-06-09 22:00,0.39059569893703483
2025-06-09 23:00,0.023503766601529898
2025-06-10 00:00,1.7177936545321222
2025-06-10 01:00,2.310550373920315
2025-06-10 02:00,1.9322591360062142
2025-06-10 03:00,6.197834994310524
2025-06-10 04:00,14.678651668678661
2025-06-10 05:00,6.2419186563171785
2025-06-10 06:00,5.428823347583233
2025-06-10 07:00,9.3743633495301
2025-06-10 08:00,4.73704169818591
2025-06-10 09:00,3.611573529577194
2025-06-10 10:00,3.223628916084538
2025-06-10 11:00,2.4045091426577687
2025-06-10 12:00,4.850916492318097
2025-06-10 13:00,3.1004522249618693
2025-06-10 14:00,4.972353212619231
2025-06-10 15:00,4.168913151209328
2025-06-10 16:00,3.4493463895957963
2025-06-10 17:00,1.7336186615804112
2025-06-10 18:00,1.168424654113863
2025-06-10 19:00,1.4304406916441945
2025-06-10 20:00,1.1397750381849459
2025-06-10 21:00,0.8980298498830298
2025-06-10 22:00,3.8763388124128264
2025-06-10 23:00,3.6868372285153463
2025-06-11 00:00,1.939403725046116
2025-06-11 01:00,2.4164619579222384
2025-06-11 02:00,2.611988450389137
2025-06-11 03:00,2.252954657290431
2025-06-11 04:00,2.2975098369189464
2025-06-11 05:00,1.97793954714037
2025-06-11 06:00,2.201056163771553
2025-06-11 07:00,2.464653328380229
2025-06-11 08:00,2.423995886734186
2025-06-11 09:00,2.7427310767861846
2025-06-11 10:00,2.9309708313377563
2025-06-11 11:00,3.8118830097860026
2025-06-11 12:00,4.114854837336095
2025-06-11 13:00,4.932408364510076
2025-06-11 14:00,5.811065698795792
2025-06-11 15:00,8.714892920237002
2025-06-11 16:00,10.662175009679578
2025-06-11 17:00,7.959252162270591
2025-06-11 18:00,6.676052092805856
2025-06-11 19:00,3.5456801074999573
2025-06-11 20:00,2.3066002654594335
2025-06-11 21:00,1.948430452221201
2025-06-11 22:00,1.7314447312550931
2025-06-11 23:00,1.6560276491999575
2025-06-12 00:00,0.7872896640671954
2025-06-12 01:00,0.32194557356146003
2025-06-12 02:00,0.5062298390230608
2025-06-12 03:00,1.2969764305932565
2025-06-12 04:00,0.8947629522300145
2025-06-12 05:00,0.4209107788093158
2025-06-12 06:00,0.4012243885779467
2025-06-12 07:00,0.3434561556982221
2025-06-12 08:00,0.41371132008254463
2025-06-12 09:00,0.4268494402065779
2025-06-12 10:00,0.33476169873338923
2025-06-12 11:00,0.326886555690481
2025-06-12 12:00,0.3373888111360531
2025-06-12 13:00,0.5316742941153576
2025-06-12 14:00,0.5521570795458006
2025-06-12 15:00,0.8901558521178061
2025-06-12 16:00,0.8764427685590911
2025-06-12 17:00,1.6254197973062705
2025-06-12 18:00,2.5429412731745566
2025-06-12 19:00,1.730434101307286
2025-06-12 20:00,1.8803609003611734
2025-06-12 21:00,1.6476043236062143
2025-06-12 22:00,1.0430791295205808
2025-06-12 23:00,0.632948032910787
2025-06-13 00:00,1.1986036271856626
2025-06-13 01:00,0.8697342025360439
2025-06-13 02:00,1.302098413769583
2025-06-13 03:00,1.3277373024659969
2025-06-13 04:00,1.5700335560865655
2025-06-13 05:00,1.3116785088429748
2025-06-13 06:00,1.8711317119782827
2025-06-13 07:00,2.603067527997811
2025-06-13 08:00,0.8771113135393153
2025-06-13 09:00,1.253441812313085
2025-06-13 10:00,1.0131423944415112
2025-06-13 11:00,0.8683273024705911
2025-06-13 12:00,0.8341831577106084
2025-06-13 13:00,1.7310227710284016
2025-06-13 14:00,7.052169973442929
2025-06-13 15:00,8.603839177844995
2025-06-13 16:00,12.135879568810239
2025-06-13 17:00,4.007412834325611
2025-06-13 18:00,5.947108329998977
2025-06-13 19:00,11.178299284171505
2025-06-13 20:00,13.293087537036769
2025-06-13 21:00,20.535233204180507
2025-06-13 22:00,24.151261013184985
2025-06-13 23:00,27.253519925301077
2025-06-14 00:00,25.677835011814256
2025-06-14 01:00,16.28088673012923
2025-06-14 02:00,24.37881755209522
2025-06-14 03:00,27.623046071136766
2025-06-14 04:00,37.02282618544631
2025-06-14 05:00,27.90546819790916
2025-06-14 06:00,33.83218001076298
2025-06-14 07:00,32.61370346703169
2025-06-14 08:00,22.115047838577603
2025-06-14 09:00,24.3643214282232
2025-06-14 10:00,31.37513292706778
2025-06-14 11:00,24.322697642756207
2025-06-14 12:00,23.039898062237206
2025-06-14 13:00,15.796071574456397
2025-06-14 14:00,19.042856026223603
2025-06-14 15:00,18.559382365634825
2025-06-14 16:00,20.706080154650575
2025-06-14 17:00,17.47648759886086
2025-06-14 18:00,11.753840636311427
2025-06-14 19:00,13.07102505480298
2025-06-14 20:00,10.919014151704989
2025-06-14 21:00,6.646096469675612
2025-06-14 22:00,5.348876806069324
2025-06-14 23:00,6.729055471124065
2025-06-15 00:00,7.365704417096799
2025-06-15 01:00,5.944820026177442
2025-06-15 02:00,6.31121899927878
2025-06-15 03:00,5.691758264246472
2025-06-15 04:00,6.9633102970311285
2025-06-15 05:00,9.658839888162571
2025-06-15 06:00,8.813441791230604
2025-06-15 07:00,10.682032530114205
2025-06-15 08:00,12.653733064664555
2025-06-15 09:00,7.914932354607661
2025-06-15 10:00,6.753068793931268
2025-06-15 11:00,11.06913638609545
2025-06-15 12:00,18.37272140545968
2025-06-15 13:00,17.5263270680418
2025-06-15 14:00,20.033685687875177
2025-06-15 15:00,25.14599346582611
2025-06-15 16:00,29.62310414109394
2025-06-15 17:00,29.17690035986937
2025-06-15 18:00,35.29206700985953
2025-06-15 19:00,34.03530834877508
2025-06-15 20:00,39.44711701349311
2025-06-15 21:00,40.103650889843784
2025-06-15 22:00,37.805242577535296
2025-06-15 23:00,34.548920053431274
2025-06-16 00:00,47.0560991872656
2025-06-16 01:00,46.1481908743655
2025-06-16 02:00,47.12099658570284
2025-06-16 03:00,47.380502955958946
2025-06-16 04:00,46.15488395563335
2025-06-16 05:00,39.79458079905951
2025-06-16 06:00,34.573431397847955
2025-06-16 07:00,33.84891760266965
2025-06-16 08:00,40.941579036343626
2025-06-16 09:00,32.1459155357158
2025-06-16 10:00,36.316647814075196
2025-06-16 11:00,40.19616275404588
2025-06-16 12:00,39.23408106914994
2025-06-16 13:00,39.075763745453095
2025-06-16 14:00,40.137782976197315
2025-06-16 15:00,42.989331409537385
2025-06-16 16:00,45.41795532259396
2025-06-16 17:00,48.09107244484848
2025-06-16 18:00,48.721865794986186
2025-06-16 19:00,48.05698993783368
2025-06-16 20:00,48.18424628140372
2025-06-16 21:00,48.07991603924228
2025-06-16 22:00,50.063783301294286
2025-06-16 23:00,47.77921172266787
2025-06-17 00:00,48.478320643566505
2025-06-17 01:00,50.39864059804061
2025-06-17 02:00,50.43913761998749
2025-06-17 03:00,49.08724577009477
2025-06-17 04:00,48.84006251927829
2025-06-17 05:00,47.85825340065803
2025-06-17 06:00,47.304822302825755
2025-06-17 07:00,46.51998353484164
2025-06-17 08:00,46.55127333750055
2025-06-17 09:00,45.2678046551176
2025-06-17 10:00,43.013084521918856
2025-06-17 11:00,41.358698859207216
2025-06-17 12:00,39.97656138735514
2025-06-17 13:00,40.07480193744081
2025-06-17 14:00,40.386857856708005
2025-06-17 15:00,37.17337146989725
2025-06-17 16:00,37.8062417820896
2025-06-17 17:00,38.23692424508485
2025-06-17 18:00,39.39137737514772
2025-06-17 19:00,35.67321900741902
2025-06-17 20:00,25.87600168230911
2025-06-17 21:00,22.02450045942389
2025-06-17 22:00,18.092611937762836
2025-06-17 23:00,17.765379459248503
2025-06-18 00:00,15.518490488124835
2025-06-18 01:00,15.55502170917716
2025-06-18 02:00,12.852206395905018
2025-06-18 03:00,11.914013758186915
2025-06-18 04:00,9.414794598966218
2025-06-18 05:00,4.355982177139843
2025-06-18 06:00,3.320214311709231
2025-06-18 07:00,2.5393026955631166
2025-06-18 08:00,1.2288384162618347
2025-06-18 09:00,0.6697147679100142
2025-06-18 10:00,0.8828775678149963
2025-06-18 11:00,2.359048976504043
2025-06-18 12:00,2.655810673803325
2025-06-18 13:00,3.0674265119001687
2025-06-18 14:00,3.0751099402415476
2025-06-18 15:00,4.395492210077142
2025-06-18 16:00,4.999619798542186
2025-06-18 17:00,3.499791529210097
2025-06-18 18:00,3.224231070786889
2025-06-18 19:00,1.7393960384605314
2025-06-18 20:00,0.9017643646755922
2025-06-18 21:00,1.3613068940174722
2025-06-18 22:00,1.1346026013040897
2025-06-18 23:00,2.9000524502564335
2025-06-19 00:00,2.7319179542609824
2025-06-19 01:00,4.0838791923649564
2025-06-19 02:00,2.51069466996754
2025-06-19 03:00,3.810946974024837
2025-06-19 04:00,2.7520043271515844
2025-06-19 05:00,2.1077117863476715
2025-06-19 06:00,2.35560997871181
2025-06-19 07:00,1.6899747755090693
2025-06-19 08:00,1.2331213493517126
2025-06-19 09:00,0.5935538867269952
2025-06-19 10:00,0.4755134357885651
2025-06-19 11:00,2.0927352267285464
2025-06-19 12:00,1.8651015897999177
2025-06-19 13:00,2.9164549440566048
2025-06-19 14:00,2.8942493168999714
2025-06-19 15:00,5.123427699172885
2025-06-19 16:00,4.699803125015534
2025-06-19 17:00,5.711229652002661
2025-06-19 18:00,4.41975961282567
2025-06-19 19:00,3.667408952261269
2025-06-19 20:00,6.546557245548421
2025-06-19 21:00,15.276845664645977
2025-06-19 22:00,10.189483124477714
2025-06-19 23:00,12.19010645899954
2025-06-20 00:00,44.950761697620024
2025-06-20 01:00,48.47916783138177
2025-06-20 02:00,49.94756163627935
2025-06-20 03:00,44.10553383246304
2025-06-20 04:00,45.83950542601574
2025-06-20 05:00,47.354332457807736
2025-06-20 06:00,51.077320234033714
2025-06-20 07:00,54.115819592919706
2025-06-20 08:00,53.79574668527514
2025-06-20 09:00,54.83604416035786
2025-06-20 10:00,52.02128864890349
2025-06-20 11:00,52.46360240746414
2025-06-20 12:00,52.168783406443936
2025-06-20 13:00,51.63496517192982
2025-06-20 14:00,51.73682329313872
2025-06-20 15:00,52.729174124167635
2025-06-20 16:00,53.10966348909068
2025-06-20 17:00,52.807268277108065
2025-06-20 18:00,53.51002434358025
2025-06-20 19:00,52.93883164110656
2025-06-20 20:00,52.38388216785316
2025-06-20 21:00,52.82456845803355
2025-06-20 22:00,52.86981193228515
2025-06-20 23:00,50.12934771599804
2025-06-21 00:00,45.39964430263944
2025-06-21 01:00,45.413643163824084
2025-06-21 02:00,43.37102842608423
2025-06-21 03:00,38.395039016726436
2025-06-21 04:00,32.98166665344578
2025-06-21 05:00,34.476691157829734
2025-06-21 06:00,26.903542153207688
2025-06-21 07:00,33.597545293415365
2025-06-21 08:00,32.74150005950446
2025-06-21 09:00,30.121111040954673
2025-06-21 10:00,30.9666639841183
2025-06-21 11:00,30.691389237500587
2025-06-21 12:00,31.211107713513762
2025-06-21 13:00,24.57224608447416
2025-06-21 14:00,27.546560555606256
2025-06-21 15:00,39.99515938718609
2025-06-21 16:00,38.33563414133623
2025-06-21 17:00,28.94929132458398
2025-06-21 18:00,20.29952900007948
2025-06-21 19:00,11.392215979522717
2025-06-21 20:00,8.304006820180433
2025-06-21 21:00,4.757379218299864
2025-06-21 22:00,3.915679874281377
2025-06-21 23:00,7.471365256929055
2025-06-22 00:00,0.3853825533085454
2025-06-22 01:00,0.20883000379887856
2025-06-22 02:00,0.5042284003199866
2025-06-22 03:00,0.05158653785988935
2025-06-22 04:00,0.01761750896334209
2025-06-22 05:00,0.2990273513502989
2025-06-22 06:00,0.0
2025-06-22 07:00,0.0
2025-06-22 08:00,0.06200408428345108
2025-06-22 09:00,0.044931967249172984
2025-06-22 10:00,0.005790010089006927
2025-06-22 11:00,0.0
2025-06-22 12:00,0.13770709069954
2025-06-22 13:00,0.14065139271556948
2025-06-22 14:00,0.4710704331060079
2025-06-22 15:00,0.4254743532393709
2025-06-22 16:00,0.6733179632985596
2025-06-22 17:00,0.5889868204636315
2025-06-22 18:00,0.40345595627253394
2025-06-22 19:00,0.2514434179343532
2025-06-22 20:00,0.08601530818187941
2025-06-22 21:00,0.20110686217975066
2025-06-22 22:00,0.13095180153739716
2025-06-22 23:00,0.11382764825725714
2025-06-23 00:00,0.19371887850722078
2025-06-23 01:00,0.18176889119900108
2025-06-23 02:00,0.42702263221728887
2025-06-23 03:00,0.2584562195395577
2025-06-23 04:00,0.8505965580068475
2025-06-23 05:00,0.25536679050046474
2025-06-23 06:00,0.23683070361704547
2025-06-23 07:00,0.0687217727772828
2025-06-23 08:00,0.1385416297256163
2025-06-23 09:00,0.08010475191199357
2025-06-23 10:00,0.2731784457017914
2025-06-23 11:00,0.7539254609122762
2025-06-23 12:00,1.0821210412468552
2025-06-23 13:00,0.49700453020971247
2025-06-23 14:00,1.4566606494371204
2025-06-23 15:00,2.829709123101755
2025-06-23 16:00,2.8109748649669744
2025-06-23 17:00,1.9219825142006854
2025-06-23 18:00,1.5112758995326132
2025-06-23 19:00,0.436394297973989
2025-06-23 20:00,1.311000819777484
2025-06-23 21:00,0.6188591254617297
2025-06-23 22:00,0.9006208602950897
2025-06-23 23:00,1.5470136094194507
2025-06-24 00:00,0.5202453708401985
2025-06-24 01:00,1.2841177457735462
2025-06-24 02:00,0.8784896957434938
2025-06-24 03:00,0.35736692142406357
2025-06-24 04:00,1.2742547325837839
2025-06-24 05:00,0.8037616509900584
2025-06-24 06:00,0.6476595148546758
2025-06-24 07:00,0.587711633876155
2025-06-24 08:00,1.2706863166342757
2025-06-24 09:00,0.8128061401067611
2025-06-24 10:00,1.327373532337739
2025-06-24 11:00,0.3701628358351465
2025-06-24 12:00,0.5227225246191853
2025-06-24 13:00,0.3406682225982024
2025-06-24 14:00,0.3679858049134563
2025-06-24 15:00,0.6265397700003164
2025-06-24 16:00,0.815197468019714
2025-06-24 17:00,0.6502196920805307
2025-06-24 18:00,0.710239046333397
2025-06-24 19:00,1.0215605712561349
2025-06-24 20:00,0.5780229838124298
2025-06-24 21:00,0.6419940023469124
2025-06-24 22:00,2.798766241182792
2025-06-24 23:00,1.5025018308679885
2025-06-25 00:00,0.49971417648471156
2025-06-25 01:00,0.47453902777664303
2025-06-25 02:00,0.6178614880804032
2025-06-25 03:00,0.6013790822345859
2025-06-25 04:00,1.0069874528722487
2025-06-25 05:00,1.046952190639701
2025-06-25 06:00,1.1963861879457984
2025-06-25 07:00,1.5916659454551638
2025-06-25 08:00,2.8584554206567563
2025-06-25 09:00,2.0550880509235694
2025-06-25 10:00,1.4280515705532364
2025-06-25 11:00,2.650841138918342
2025-06-25 12:00,3.1702819850410355
2025-06-25 13:00,2.450957833775302
2025-06-25 14:00,2.033111269083072
2025-06-25 15:00,3.580239037147833
2025-06-25 16:00,7.282832487593135
2025-06-25 17:00,8.565414522348508
2025-06-25 18:00,11.090992893261795
2025-06-25 19:00,10.190095437419712
2025-06-25 20:00,12.22630402576725
2025-06-25 21:00,9.01509697247396
2025-06-25 22:00,4.472237984366402
2025-06-25 23:00,4.582603239525486
2025-06-26 00:00,4.408239834467732
2025-06-26 01:00,4.025176640151746
2025-06-26 02:00,5.5663522896793864
2025-06-26 03:00,2.7167328917553704
2025-06-26 04:00,1.5647012802370883
2025-06-26 05:00,0.775240582060043
2025-06-26 06:00,0.7872674008153369
2025-06-26 07:00,0.44428504483423603
2025-06-26 08:00,0.34232738064311413
2025-06-26 09:00,0.20623265130548502
2025-06-26 10:00,0.2821702900845499
2025-06-26 11:00,0.19184917279807281
2025-06-26 12:00,0.21122359344256558
2025-06-26 13:00,0.3066805155369382
2025-06-26 14:00,0.6849217137941992
2025-06-26 15:00,0.7498152493964647
2025-06-26 16:00,0.4376129452471238
2025-06-26 17:00,0.5039276695377546
2025-06-26 18:00,0.4041144364367182
2025-06-26 19:00,0.2812182392640958
2025-06-26 20:00,0.6873213842217964
2025-06-26 21:00,0.672416923536886
2025-06-26 22:00,0.5737630679193819
2025-06-26 23:00,0.6887853807344755
2025-06-27 00:00,0.9890505255588864
2025-06-27 01:00,0.37844858759801614
2025-06-27 02:00,0.49289828783771533
2025-06-27 03:00,0.3338171916517983
2025-06-27 04:00,0.39434122504773284
2025-06-27 05:00,0.4023605258121036
2025-06-27 06:00,0.2304705779786051
2025-06-27 07:00,0.3240565611415052
2025-06-27 08:00,0.11676284013361146
2025-06-27 09:00,0.2289117721422267
2025-06-27 10:00,0.17773927104578702
2025-06-27 11:00,0.06235505465628554
2025-06-27 12:00,0.5028825229028205
2025-06-27 13:00,0.464769058397293
2025-06-27 14:00,0.5693655143745924
2025-06-27 15:00,0.7598302439504917
2025-06-27 16:00,0.7944158533689801
2025-06-27 17:00,0.5923566511360293
2025-06-27 18:00,0.7621017393366836
2025-06-27 19:00,1.2286797196659514
2025-06-27 20:00,0.8727876322638205
2025-06-27 21:00,0.5115442183301163
2025-06-27 22:00,0.8339853324699026
2025-06-27 23:00,1.9557917453485214
2025-06-28 00:00,6.620567814882997
2025-06-28 01:00,10.092977109168196
2025-06-28 02:00,7.741794188775248
2025-06-28 03:00,7.592153065855332
2025-06-28 04:00,7.962298003299356
2025-06-28 05:00,6.141552012555981
2025-06-28 06:00,8.36182956048472
2025-06-28 07:00,8.355727905342711
2025-06-28 08:00,5.807720854296017
2025-06-28 09:00,5.63864535563466
2025-06-28 10:00,5.53753548518258
2025-06-28 11:00,6.280302635514509
2025-06-28 12:00,5.980198041683147
2025-06-28 13:00,5.6486433853886915
2025-06-28 14:00,6.236215137238087
2025-06-28 15:00,6.185698914794723
2025-06-28 16:00,9.39117950469796
2025-06-28 17:00,7.751473243728636
2025-06-28 18:00,9.34376269092363
2025-06-28 19:00,6.790020126801334
2025-06-28 20:00,8.065517743642934
2025-06-28 21:00,9.76124606271521
2025-06-28 22:00,8.764408929255131
2025-06-28 23:00,6.961152805172231
2025-06-29 00:00,12.663844419128221
2025-06-29 01:00,9.25744711306046
2025-06-29 02:00,9.661678849790574
2025-06-29 03:00,9.251287198637144
2025-06-29 04:00,8.050378224841783
2025-06-29 05:00,8.381737653200961
2025-06-29 06:00,4.110081613209793
2025-06-29 07:00,3.3780155223763035
2025-06-29 08:00,10.23745952406671
2025-06-29 09:00,8.379665513143674
2025-06-29 10:00,7.283698684566703
2025-06-29 11:00,7.371118051796275
2025-06-29 12:00,7.645788878278369
2025-06-29 13:00,8.737957149466453
2025-06-29 14:00,11.876782442112656
2025-06-29 15:00,13.19967843385989
2025-06-29 16:00,16.24981154352045
2025-06-29 17:00,16.14258637790752
2025-06-29 18:00,14.470116429811611
2025-06-29 19:00,12.735958686614174
2025-06-29 20:00,12.96686020977208
2025-06-29 21:00,12.00362910617364
2025-06-29 22:00,7.987090645089273
2025-06-29 23:00,8.48637944960097
2025-06-30 00:00,6.2765705071611935
2025-06-30 01:00,4.935141056958451
2025-06-30 02:00,2.9335267017932303
2025-06-30 03:00,1.7929312472218264
2025-06-30 04:00,1.6786762170698353
2025-06-30 05:00,2.013385614561339
2025-06-30 06:00,1.4811347688919643
2025-06-30 07:00,1.144805679222246
2025-06-30 08:00,0.8309928919421555
2025-06-30 09:00,0.46866114379169305
2025-06-30 10:00,0.48043095489412047
2025-06-30 11:00,0.7264367437007004
2025-06-30 12:00,1.2097028996836559
2025-06-30 13:00,1.1006720215773234
2025-06-30 14:00,1.7616623215336196
2025-06-30 15:00,2.9526629062018968
2025-06-30 16:00,3.9903695883578205
2025-06-30 17:00,3.3708547673991722
2025-06-30 18:00,2.417697169060327
2025-06-30 19:00,2.5297023631535307
2025-06-30 20:00,1.9753535806977864
2025-06-30 21:00,1.7636311841508465
2025-06-30 22:00,2.925800183190728
2025-06-30 23:00,4.681486031006062
2025-07-01 00:00,1.945429305536443
2025-07-01 01:00,1.4521197069797824
2025-07-01 02:00,1.7022257646612617
2025-07-01 03:00,2.5869725388618128
2025-07-01 04:00,2.1029350893290375
2025-07-01 05:00,2.052784986698353
2025-07-01 06:00,1.4770385225312253
2025-07-01 07:00,1.8041491724528331
2025-07-01 08:00,2.1232345814165035
2025-07-01 09:00,1.6501739650076153
2025-07-01 10:00,2.0282276125767726
2025-07-01 11:00,1.9441584215388226
2025-07-01 12:00,2.5521194659285626
2025-07-01 13:00,2.9560669257716965
2025-07-01 14:00,3.67376695449277
2025-07-01 15:00,4.0493264443082015
2025-07-01 16:00,4.088452145483558
2025-07-01 17:00,4.25337759463455
2025-07-01 18:00,2.4591885535553177
2025-07-01 19:00,2.292790945903705
2025-07-01 20:00,1.6388088122319209
2025-07-01 21:00,1.8342913926882731
2025-07-01 22:00,2.1389183084431234
2025-07-01 23:00,1.8983430711129328
2025-07-02 00:00,11.077063816769218
2025-07-02 01:00,13.41413890946384
2025-07-02 02:00,14.035204321802357
2025-07-02 03:00,12.356894600476156
2025-07-02 04:00,11.432719432601331
2025-07-02 05:00,11.06901503667843
2025-07-02 06:00,9.091394816428851
2025-07-02 07:00,9.917990933580915
2025-07-02 08:00,10.45185601079471
2025-07-02 09:00,10.580641265178038
2025-07-02 10:00,8.599370267374576
2025-07-02 11:00,8.163300429096003
2025-07-02 12:00,8.98460644289601
2025-07-02 13:00,11.176916662420108
2025-07-02 14:00,10.603162490730568
2025-07-02 15:00,11.058949033642289
2025-07-02 16:00,10.914293541960607
2025-07-02 17:00,11.771019892957334
2025-07-02 18:00,7.624525220188443
2025-07-02 19:00,8.212209595104056
2025-07-02 20:00,6.548694165698145
2025-07-02 21:00,4.890337834724178
2025-07-02 22:00,5.137715088095773
2025-07-02 23:00,5.344730852958794
2025-07-03 00:00,6.592873441218803
2025-07-03 01:00,8.13716600585225
2025-07-03 02:00,8.192663422691542
2025-07-03 03:00,8.718668006892843
2025-07-03 04:00,15.562883476314397
2025-07-03 05:00,15.507366248821997
2025-07-03 06:00,14.192792136280548
2025-07-03 07:00,15.363936452230885
2025-07-03 08:00,11.665081982041471
2025-07-03 09:00,9.087271304952129
2025-07-03 10:00,9.634336011686557
2025-07-03 11:00,10.299959468055757
2025-07-03 12:00,9.612450100647653
2025-07-03 13:00,11.132039866024812
2025-07-03 14:00,10.671812813224612
2025-07-03 15:00,9.65342063838074
2025-07-03 16:00,10.211049401915886
2025-07-03 17:00,11.359286177856793
2025-07-03 18:00,10.883389899982745
2025-07-03 19:00,12.070731936846672
2025-07-03 20:00,15.116452651081339
2025-07-03 21:00,13.615306103905587
2025-07-03 22:00,14.465011359588338
2025-07-03 23:00,16.520172124242283
2025-07-04 00:00,21.664743979178084
2025-07-04 01:00,23.975047246546957
2025-07-04 02:00,26.979965272878474
2025-07-04 03:00,31.544779515122897
2025-07-04 04:00,31.583355456470965
2025-07-04 05:00,29.95145927581336
2025-07-04 06:00,29.463467098209257
2025-07-04 07:00,31.594892556260074
2025-07-04 08:00,33.41480123406771
2025-07-04 09:00,31.361820963403805
2025-07-04 10:00,30.30062507905125
2025-07-04 11:00,30.342467599615972
2025-07-04 12:00,30.451291799790766
2025-07-04 13:00,29.292732683147577
2025-07-04 14:00,25.99044538091834
2025-07-04 15:00,27.50121553183851
2025-07-04 16:00,31.606911750446077
2025-07-04 17:00,30.961323148667674
2025-07-04 18:00,35.19616007617586
2025-07-04 19:00,30.506358760701275
2025-07-04 20:00,32.70626909814706
2025-07-04 21:00,29.316132006977668
2025-07-04 22:00,30.551760325248814
2025-07-04 23:00,30.918365791535695
2025-07-05 00:00,27.540411316930317
2025-07-05 01:00,26.83777043172276
2025-07-05 02:00,27.31585091363245
2025-07-05 03:00,27.324152805164438
2025-07-05 04:00,25.190334799050646
2025-07-05 05:00,24.664584610972952
2025-07-05 06:00,25.574916499641418
2025-07-05 07:00,27.611771447129733
2025-07-05 08:00,28.311217214462854
2025-07-05 09:00,28.185328395841942
2025-07-05 10:00,26.968914373519205
2025-07-05 11:00,24.853351603663167
2025-07-05 12:00,23.43042678416817
2025-07-05 13:00,23.507961655207847
2025-07-05 14:00,24.169168482501114
2025-07-05 15:00,24.78872406639516
2025-07-05 16:00,26.298856084456546
2025-07-05 17:00,23.4540559572997
2025-07-05 18:00,25.456652716377423
2025-07-05 19:00,29.941068050408944
2025-07-05 20:00,27.629684859020294
2025-07-05 21:00,24.951661445138562
2025-07-05 22:00,23.285164884396156
2025-07-05 23:00,20.735234495488935
2025-07-06 00:00,18.384384957017744
2025-07-06 01:00,19.923607325303795
2025-07-06 02:00,21.372592786774415
2025-07-06 03:00,19.57964824499297
2025-07-06 04:00,17.504170548233333
2025-07-06 05:00,15.857017118784604
2025-07-06 06:00,12.507329609916674
2025-07-06 07:00,12.093920528162561
2025-07-06 08:00,10.834531902312357
2025-07-06 09:00,8.236784042941421
2025-07-06 10:00,7.814088240883981
2025-07-06 11:00,7.3295984902173945
2025-07-06 12:00,7.705631707194675
2025-07-06 13:00,9.12091932887503
2025-07-06 14:00,10.955836571662298
2025-07-06 15:00,12.610890417267758
2025-07-06 16:00,11.178620651089643
2025-07-06 17:00,12.715497829597343
2025-07-06 18:00,11.845609658253444
2025-07-06 19:00,12.309010233574213
2025-07-06 20:00,11.811451395848586
2025-07-06 21:00,9.198361589797976
2025-07-06 22:00,12.400117524736826
2025-07-06 23:00,10.332797701805623
2025-07-07 00:00,8.331637125981107
2025-07-07 01:00,6.903025607157839
2025-07-07 02:00,5.527659420477351
2025-07-07 03:00,6.580570207369941
2025-07-07 04:00,4.52871229923345
2025-07-07 05:00,1.9801506725942697
2025-07-07 06:00,1.2473681754847703
2025-07-07 07:00,0.8177493758790562
2025-07-07 08:00,0.5944296625101346
2025-07-07 09:00,0.1392036089299694
2025-07-07 10:00,0.15108898974361368
2025-07-07 11:00,0.5817200658655907
2025-07-07 12:00,0.5222335299995909
2025-07-07 13:00,0.38484673907763
2025-07-07 14:00,2.1637898283697687
2025-07-07 15:00,3.08809758358466
2025-07-07 16:00,3.2431550474389796
2025-07-07 17:00,3.114437035168734
2025-07-07 18:00,2.053488314380103
2025-07-07 19:00,0.743046760534961
2025-07-07 20:00,1.5893089663829674
2025-07-07 21:00,0.4625274117653899
2025-07-07 22:00,0.37228155605968477
2025-07-07 23:00,1.0872725714812084
2025-07-08 00:00,0.18092271534566065
2025-07-08 01:00,0.7866040972970652
2025-07-08 02:00,0.6392035866298537
2025-07-08 03:00,0.9375635396413873
2025-07-08 04:00,1.9636346648734138
2025-07-08 05:00,1.275242889349201
2025-07-08 06:00,1.4295506970634606
2025-07-08 07:00,0.24409458985840793
2025-07-08 08:00,0.4594890099531224
2025-07-08 09:00,0.4440580232008482
2025-07-08 10:00,0.4723119413167257
2025-07-08 11:00,0.5953916399585705
2025-07-08 12:00,0.5521144871603263
2025-07-08 13:00,1.4413855868283898
2025-07-08 14:00,2.8136541910246393
2025-07-08 15:00,2.9262875269708237
2025-07-08 16:00,3.5663411260260816
2025-07-08 17:00,3.2739740640185646
2025-07-08 18:00,4.594074797644757
2025-07-08 19:00,3.1037672087025445
2025-07-08 20:00,1.4166649004432816
2025-07-08 21:00,3.360056146235035
2025-07-08 22:00,2.266233976601077
2025-07-08 23:00,2.0249608023305474
2025-07-09 00:00,3.0609412259686923
2025-07-09 01:00,0.9882614471892531
2025-07-09 02:00,1.0308638720032248
2025-07-09 03:00,1.1716967376870417
2025-07-09 04:00,0.9336824394909764
2025-07-09 05:00,0.6594065093526563
2025-07-09 06:00,1.0172600159130523
2025-07-09 07:00,1.654250204665708
2025-07-09 08:00,0.8333212402324109
2025-07-09 09:00,0.33016265377112186
2025-07-09 10:00,0.36502993455522137
2025-07-09 11:00,0.5862048340415474
2025-07-09 12:00,0.6869068637566214
2025-07-09 13:00,1.4525145502218397
2025-07-09 14:00,2.6475845679464705
2025-07-09 15:00,4.166633101583715
2025-07-09 16:00,3.8931775395812647
2025-07-09 17:00,3.013498171264019
2025-07-09 18:00,2.6422974633651717
2025-07-09 19:00,2.343596379093777
2025-07-09 20:00,1.1990349079617324
2025-07-09 21:00,1.7976222768388148
2025-07-09 22:00,1.5210134742407115
2025-07-09 23:00,1.274204060696813
2025-07-10 00:00,2.719764216139065
2025-07-10 01:00,2.404897167834226
2025-07-10 02:00,4.300372922213153
2025-07-10 03:00,3.1881629407959036
2025-07-10 04:00,4.246646632061414
2025-07-10 05:00,5.529160265345993
2025-07-10 06:00,6.034953640198691
2025-07-10 07:00,6.041536361862559
2025-07-10 08:00,4.28887890499186
2025-07-10 09:00,4.400968900460091
2025-07-10 10:00,4.801334219424212
2025-07-10 11:00,4.744992967049043
2025-07-10 12:00,4.457284075731829
2025-07-10 13:00,6.151501502856973
2025-07-10 14:00,14.40790105830211
2025-07-10 15:00,17.16699585801105
2025-07-10 16:00,18.8564362483365
2025-07-10 17:00,17.026532801102963
2025-07-10 18:00,9.012894191753437
2025-07-10 19:00,7.223110236917744
2025-07-10 20:00,10.384511400492553
2025-07-10 21:00,8.350044058261986
2025-07-10 22:00,6.360749085310149
2025-07-10 23:00,7.313596145783361
2025-07-11 00:00,4.8173867837636735
2025-07-11 01:00,4.6761923532052005
2025-07-11 02:00,5.492590308138507
2025-07-11 03:00,4.872177656203711
2025-07-11 04:00,5.739517963861152
2025-07-11 05:00,5.04909222082402
2025-07-11 06:00,4.637254702393805
2025-07-11 07:00,4.2175383426244935
2025-07-11 08:00,5.672748280245742
2025-07-11 09:00,8.444660063521656
2025-07-11 10:00,5.206974300862303
2025-07-11 11:00,3.881502159438646
2025-07-11 12:00,3.4248952615897514
2025-07-11 13:00,3.576800544848911
2025-07-11 14:00,2.863213534409632
2025-07-11 15:00,5.132636732482885
2025-07-11 16:00,7.054675120770657
2025-07-11 17:00,10.658317092117684
2025-07-11 18:00,11.014422181321777
2025-07-11 19:00,11.780448682174438
2025-07-11 20:00,7.532223392962798
2025-07-11 21:00,6.086228840490276
2025-07-11 22:00,5.6617533693128586
2025-07-11 23:00,3.9242768836481425
2025-07-12 00:00,3.751220257803137
2025-07-12 01:00,1.7056710829017014
2025-07-12 02:00,1.496942271971918
2025-07-12 03:00,1.9012162974466746
2025-07-12 04:00,2.7051650580751216
2025-07-12 05:00,2.4992207260216297
2025-07-12 06:00,2.8141163290077484
2025-07-12 07:00,1.4917814776362661
2025-07-12 08:00,0.9836852586470045
2025-07-12 09:00,0.46016365925204195
2025-07-12 10:00,0.4205002257799926
2025-07-12 11:00,0.5706616559873543
2025-07-12 12:00,0.9876236693791786
2025-07-12 13:00,1.1826605266747123
2025-07-12 14:00,1.6106181116316172
2025-07-12 15:00,2.8634402489958104
2025-07-12 16:00,3.3615968699764895
2025-07-12 17:00,2.9874731368055825
2025-07-12 18:00,2.2278585528463117
2025-07-12 19:00,1.0893975361961694
2025-07-12 20:00,0.3966442503993468
2025-07-12 21:00,0.2259638533745607
2025-07-12 22:00,0.40523045953950526
2025-07-12 23:00,0.6719260772928133
2025-07-13 00:00,0.49041021966064535
2025-07-13 01:00,0.2613262104237243
2025-07-13 02:00,0.5438275266900778
2025-07-13 03:00,0.42997916193855534
2025-07-13 04:00,0.32879310614416135
2025-07-13 05:00,0.27783894579087687
2025-07-13 06:00,0.34953605029311974
2025-07-13 07:00,0.25866805499036594
2025-07-13 08:00,0.15198365897037008
2025-07-13 09:00,0.12827200216587079
2025-07-13 10:00,0.11380416072722986
2025-07-13 11:00,0.17571717594296035
2025-07-13 12:00,0.13632798709397617
2025-07-13 13:00,0.4138282416819223
2025-07-13 14:00,0.4268898250514507
2025-07-13 15:00,0.4356210028739234
2025-07-13 16:00,0.7635926767805208
2025-07-13 17:00,0.48343101356269025
2025-07-13 18:00,0.5055800405016053
2025-07-13 19:00,0.38724278955959385
2025-07-13 20:00,0.5455524496632589
2025-07-13 21:00,0.864011136505728
2025-07-13 22:00,1.0608888604638356
2025-07-13 23:00,2.164751183882102
2025-07-14 00:00,4.1069175177696895
2025-07-14 01:00,3.9723496426658507
2025-07-14 02:00,2.2607029695907124
2025-07-14 03:00,2.0014692032029306
2025-07-14 04:00,1.7352159778738196
2025-07-14 05:00,1.1824367713719868
2025-07-14 06:00,2.273319925717675
2025-07-14 07:00,0.8210463938674841
2025-07-14 08:00,1.7670211687382547
2025-07-14 09:00,1.7352014032661578
2025-07-14 10:00,2.7253963051856456
2025-07-14 11:00,2.2990251502435584
2025-07-14 12:00,2.7053119966639634
2025-07-14 13:00,2.725067646848543
2025-07-14 14:00,3.8967011974757497
2025-07-14 15:00,4.409953990539364
2025-07-14 16:00,7.286656743628903
2025-07-14 17:00,10.005875912614503
2025-07-14 18:00,6.291200963349275
2025-07-14 19:00,9.04509927903474
2025-07-14 20:00,5.987336626838836
2025-07-14 21:00,10.039964206949929
2025-07-14 22:00,17.775449800396633
2025-07-14 23:00,6.9506436086787975
2025-07-15 00:00,6.284610457624
2025-07-15 01:00,12.683736822979048
2025-07-15 02:00,23.06945016088443
2025-07-15 03:00,25.731990271259207
2025-07-15 04:00,12.643343680596661
2025-07-15 05:00,9.415887196287798
2025-07-15 06:00,8.332643031996648
2025-07-15 07:00,16.759187331237097
2025-07-15 08:00,24.2190343334192
2025-07-15 09:00,19.627004553817905
2025-07-15 10:00,19.904192514678837
2025-07-15 11:00,8.82135495928591
2025-07-15 12:00,7.631596746103334
2025-07-15 13:00,7.344302857067627
2025-07-15 14:00,5.560118510554513
2025-07-15 15:00,5.284179613457596
2025-07-15 16:00,7.01289307454954
2025-07-15 17:00,6.513611340764178
2025-07-15 18:00,8.126295814749827
2025-07-15 19:00,6.488474156242896
2025-07-15 20:00,6.753769105124617
2025-07-15 21:00,7.355107316850938
2025-07-15 22:00,8.26966746956392
2025-07-15 23:00,9.172003108191117
2025-07-16 00:00,17.023332676278976
2025-07-16 01:00,20.18427770623194
2025-07-16 02:00,20.528576296973313
2025-07-16 03:00,28.044576314977597
2025-07-16 04:00,24.668468467405674
2025-07-16 05:00,24.58143722884681
2025-07-16 06:00,26.9192630285931
2025-07-16 07:00,27.62354521552747
2025-07-16 08:00,30.497172243163373
2025-07-16 09:00,30.824563406578672
2025-07-16 10:00,34.44114811691812
2025-07-16 11:00,29.510992370468855
2025-07-16 12:00,28.535099624567827
2025-07-16 13:00,33.655919922724465
2025-07-16 14:00,31.51362254685531
2025-07-16 15:00,40.28874900604232
2025-07-16 16:00,41.478004183027664
2025-07-16 17:00,43.97673839591492
2025-07-16 18:00,40.36802829233698
2025-07-16 19:00,40.498280707341124
2025-07-16 20:00,31.97109922499385
2025-07-16 21:00,38.98876547712827
2025-07-16 22:00,39.99520459873994
2025-07-16 23:00,39.92430358655865
2025-07-17 00:00,46.87166278014253
2025-07-17 01:00,46.630920995074646
2025-07-17 02:00,46.7665017659326
2025-07-17 03:00,45.78635486342397
2025-07-17 04:00,44.02447508468656
2025-07-17 05:00,44.12409773946273
2025-07-17 06:00,43.25877826633858
2025-07-17 07:00,42.252187667006766
2025-07-17 08:00,42.880090496152334
2025-07-17 09:00,41.533226802479135
2025-07-17 10:00,35.104247342747
2025-07-17 11:00,26.150748098251626
2025-07-17 12:00,34.298429992650796
2025-07-17 13:00,27.360659193654318
2025-07-17 14:00,28.135217161203023
2025-07-17 15:00,30.21498826570545
2025-07-17 16:00,34.269536730367236
2025-07-17 17:00,36.73726465609253
2025-07-17 18:00,38.25088455376965
2025-07-17 19:00,40.27666816958458
2025-07-17 20:00,44.73726246200549
2025-07-17 21:00,44.72046862848059
2025-07-17 22:00,45.10017800733689
2025-07-17 23:00,43.81213871295371
2025-07-18 00:00,33.2059814989037
2025-07-18 01:00,31.210720013912024
2025-07-18 02:00,34.19205193372015
2025-07-18 03:00,32.88147373816545
2025-07-18 04:00,27.051333041559918
2025-07-18 05:00,24.572611502307886
2025-07-18 06:00,28.60679784569827
2025-07-18 07:00,23.367132125868856
2025-07-18 08:00,31.838812420982148
2025-07-18 09:00,20.097066774615786
2025-07-18 10:00,16.747467789742924
2025-07-18 11:00,9.912858859560945
2025-07-18 12:00,7.525256391445807
2025-07-18 13:00,7.252642645730571
2025-07-18 14:00,11.057696127676586
2025-07-18 15:00,9.263426234314396
2025-07-18 16:00,8.656709777821188
2025-07-18 17:00,5.257428289428752
2025-07-18 18:00,6.449670741168552
2025-07-18 19:00,5.779299339649401
2025-07-18 20:00,11.280568553769731
2025-07-18 21:00,10.387719077163128
2025-07-18 22:00,8.579953662059618
2025-07-18 23:00,11.550183856733792
2025-07-19 00:00,20.59940682797484
2025-07-19 01:00,28.7606812022073
2025-07-19 02:00,26.610928227332803
2025-07-19 03:00,26.897011630933036
2025-07-19 04:00,26.011480629289785
2025-07-19 05:00,37.643494569888446
2025-07-19 06:00,27.995200272371214
2025-07-19 07:00,26.093167508567014
2025-07-19 08:00,28.13174237398262
2025-07-19 09:00,32.32163790785844
2025-07-19 10:00,29.66322966949417
2025-07-19 11:00,23.360722575083983
2025-07-19 12:00,27.74410965654335
2025-07-19 13:00,32.808779530208234
2025-07-19 14:00,30.955305006232074
2025-07-19 15:00,22.0633804677573
2025-07-19 16:00,31.973157675349196
2025-07-19 17:00,35.3733224269382
2025-07-19 18:00,38.08093564145046
2025-07-19 19:00,36.18596528067576
2025-07-19 20:00,35.48828717022753
2025-07-19 21:00,31.684072012659755
2025-07-19 22:00,28.533983623611245
2025-07-19 23:00,25.823559136090424
2025-07-20 00:00,24.230371694702313
2025-07-20 01:00,17.340232424153918
2025-07-20 02:00,17.882140630543958
2025-07-20 03:00,26.929759319665614
2025-07-20 04:00,13.75747414170718
2025-07-20 05:00,10.998293807884853
2025-07-20 06:00,17.7774676746227
2025-07-20 07:00,22.58261639014673
2025-07-20 08:00,19.509461595519056
2025-07-20 09:00,21.6643886089149
2025-07-20 10:00,20.67533286428482
2025-07-20 11:00,18.960277146366515
2025-07-20 12:00,21.11528949379462
2025-07-20 13:00,17.589965205055115
2025-07-20 14:00,15.387851363499175
2025-07-20 15:00,14.637248458838386
2025-07-20 16:00,12.457301636159574
2025-07-20 17:00,11.854705817096349
2025-07-20 18:00,10.477769918942847
2025-07-20 19:00,11.12989877367003
2025-07-20 20:00,11.69211622964231
2025-07-20 21:00,7.311040463800757
2025-07-20 22:00,6.799516516055976
2025-07-20 23:00,10.87757048526094
2025-07-21 00:00,7.4043091545796305
2025-07-21 01:00,7.989113751155299
2025-07-21 02:00,7.870438892867201
2025-07-21 03:00,9.706962020817317
2025-07-21 04:00,9.453498611718192
2025-07-21 05:00,9.605236606051351
2025-07-21 06:00,4.454028993574109
2025-07-21 07:00,4.359748576736873
2025-07-21 08:00,8.419539060120783
2025-07-21 09:00,6.109775925767332
2025-07-21 10:00,4.019290016273119
2025-07-21 11:00,5.1292865684651705
2025-07-21 12:00,5.101445076445102
2025-07-21 13:00,2.662548151761239
2025-07-21 14:00,2.6947738546181346
2025-07-21 15:00,1.1273816814426663
2025-07-21 16:00,5.001120157510194
2025-07-21 17:00,4.984932726125848
2025-07-21 18:00,4.128301041702835
2025-07-21 19:00,2.051591548007842
2025-07-21 20:00,2.877384690678374
2025-07-21 21:00,3.986766938043074
2025-07-21 22:00,2.15002711510337
2025-07-21 23:00,2.6893879240759375
2025-07-22 00:00,1.0254279398668165
2025-07-22 01:00,1.773748238984253
2025-07-22 02:00,1.3754630879605878
2025-07-22 03:00,0.9842160117961891
2025-07-22 04:00,0.7729322265171527
2025-07-22 05:00,0.7489958436877617
2025-07-22 06:00,0.39296654677610776
2025-07-22 07:00,0.8289881868919271
2025-07-22 08:00,0.1810615515183328
2025-07-22 09:00,0.0748837393867941
2025-07-22 10:00,0.0
2025-07-22 11:00,0.03502100711201532
2025-07-22 12:00,0.5224929235937699
2025-07-22 13:00,0.48722701805557933
2025-07-22 14:00,0.2004288003287385
2025-07-22 15:00,1.2250609993078543
2025-07-22 16:00,1.2584026779972661
2025-07-22 17:00,1.0423913393009951
2025-07-22 18:00,1.2115351453408618
2025-07-22 19:00,0.27854672538784575
2025-07-22 20:00,0.12948365493414937
2025-07-22 21:00,0.09694173846776534
2025-07-22 22:00,0.0629842531762615
2025-07-22 23:00,0.09415496227729486
2025-07-23 00:00,0.0
2025-07-23 01:00,0.10517630634675534
2025-07-23 02:00,0.04413011360510781
2025-07-23 03:00,0.06571159572441759
2025-07-23 04:00,0.28969649458163815
2025-07-23 05:00,0.1250498138438811
2025-07-23 06:00,0.11487369462459357
2025-07-23 07:00,0.010753823195688794
2025-07-23 08:00,0.05203725673923313
2025-07-23 09:00,0.029302973195293253
2025-07-23 10:00,0.08008243312750694
2025-07-23 11:00,0.29091960248863735
2025-07-23 12:00,0.7157182432327861
2025-07-23 13:00,0.5746650466005947
2025-07-23 14:00,1.545170160492968
2025-07-23 15:00,2.0668336032063293
2025-07-23 16:00,2.7737501273407577
2025-07-23 17:00,2.258195340247629
2025-07-23 18:00,1.4011952002520762
2025-07-23 19:00,0.27222545077637705
2025-07-23 20:00,0.039485979346298335
2025-07-23 21:00,0.07507239361192247
2025-07-23 22:00,0.08112262132195913
2025-07-23 23:00,0.10785724002195472
2025-07-24 00:00,0.2602019195652861
2025-07-24 01:00,0.0
2025-07-24 02:00,0.0
2025-07-24 03:00,0.0
2025-07-24 04:00,0.010404264064654304
2025-07-24 05:00,0.14827143438292906
2025-07-24 06:00,0.13888248955164545
2025-07-24 07:00,0.10824896703534365
2025-07-24 08:00,0.05209687589406675
2025-07-24 09:00,0.07235301518040886
2025-07-24 10:00,0.25413037573923053
2025-07-24 11:00,0.0058662188706734225
2025-07-24 12:00,0.10549189493364229
2025-07-24 13:00,1.562401470869603
2025-07-24 14:00,1.06656008939897
2025-07-24 15:00,2.5164468906077526
2025-07-24 16:00,3.629481455620544
2025-07-24 17:00,4.1134365291957815
2025-07-24 18:00,4.823273536566891
2025-07-24 19:00,2.4476747484606225
2025-07-24 20:00,3.196675107709952
2025-07-24 21:00,2.6692512181494057
2025-07-24 22:00,0.5276442228436622
2025-07-24 23:00,0.13015191404059515
2025-07-25 00:00,0.05927588386897441
2025-07-25 01:00,0.0
2025-07-25 02:00,0.0
2025-07-25 03:00,0.054182903283111705
2025-07-25 04:00,0.4371020582264647
2025-07-25 05:00,0.15303903583080958
2025-07-25 06:00,0.12254593443032136
2025-07-25 07:00,0.1283594775473933
2025-07-25 08:00,0.28935839056741774
2025-07-25 09:00,0.39369148820661504
2025-07-25 10:00,0.38557102013998995
2025-07-25 11:00,0.306290974989297
2025-07-25 12:00,0.3333934240665997
2025-07-25 13:00,0.26909375560786813
2025-07-25 14:00,0.46608302855495604
2025-07-25 15:00,2.8909263311970923
2025-07-25 16:00,3.790132667731628
2025-07-25 17:00,4.308092834803135
2025-07-25 18:00,1.6373823895728803
2025-07-25 19:00,0.5042163630937359
2025-07-25 20:00,0.24724066406607917
2025-07-25 21:00,0.3399633637475916
2025-07-25 22:00,0.04576829248431962
2025-07-25 23:00,0.0034314570224811434
2025-07-26 00:00,1.8104854053527863
2025-07-26 01:00,1.7450237983899157
2025-07-26 02:00,2.2392368582100346
2025-07-26 03:00,2.8173192837621275
2025-07-26 04:00,3.3302732130595425
2025-07-26 05:00,2.224715166828412
2025-07-26 06:00,2.1531495393587523
2025-07-26 07:00,3.8607851113315177
2025-07-26 08:00,6.0987104484721275
2025-07-26 09:00,5.874906112621759
2025-07-26 10:00,5.410877397875047
2025-07-26 11:00,5.691595959155364
2025-07-26 12:00,5.462493343496103
2025-07-26 13:00,4.724198190050867
2025-07-26 14:00,8.112356910914393
2025-07-26 15:00,5.639127795201439
2025-07-26 16:00,6.228753812910219
2025-07-26 17:00,9.83585070350619
2025-07-26 18:00,7.368972092103006
2025-07-26 19:00,6.012050295406608
2025-07-26 20:00,10.872362661417537
2025-07-26 21:00,12.342588438422487
2025-07-26 22:00,8.975125258532247
2025-07-26 23:00,5.39378050242047
2025-07-27 00:00,1.8066882461824112
2025-07-27 01:00,2.0780584176355816
2025-07-27 02:00,4.411895576280665
2025-07-27 03:00,5.149366350423875
2025-07-27 04:00,5.184341093133893
2025-07-27 05:00,2.9878738154598503
2025-07-27 06:00,0.8584374070313381
2025-07-27 07:00,0.7091687408283763
2025-07-27 08:00,0.9990161633406955
2025-07-27 09:00,0.6426014683639321
2025-07-27 10:00,0.5604321470454674
2025-07-27 11:00,0.7120081687756639
2025-07-27 12:00,1.4491812272633537
2025-07-27 13:00,1.2495094268192848
2025-07-27 14:00,1.8877254672253114
2025-07-27 15:00,1.8722826922055362
2025-07-27 16:00,2.458468727561649
2025-07-27 17:00,3.316459131642223
2025-07-27 18:00,1.7010002420054566
2025-07-27 19:00,0.682328790644672
2025-07-27 20:00,0.13307159638846197
2025-07-27 21:00,0.20339425703378544
2025-07-27 22:00,0.1698454851055204
2025-07-27 23:00,0.3097510768197794
2025-07-28 00:00,0.37136900208758816
2025-07-28 01:00,0.41445455514266033
2025-07-28 02:00,0.2733132212027509
2025-07-28 03:00,0.09561370159892274
2025-07-28 04:00,0.2816614459407214
2025-07-28 05:00,0.2293187217999602
2025-07-28 06:00,0.57201935322622
2025-07-28 07:00,0.20459942209482113
2025-07-28 08:00,0.08045914282463708
2025-07-28 09:00,0.015935838422999195
2025-07-28 10:00,0.06096547687717288
2025-07-28 11:00,0.6363275090641589
2025-07-28 12:00,0.45897285756867723
2025-07-28 13:00,0.7176436996728486
2025-07-28 14:00,1.8739195253900007
2025-07-28 15:00,2.740941873968212
2025-07-28 16:00,2.387391213185543
2025-07-28 17:00,2.352614661698124
2025-07-28 18:00,2.605771860205931
2025-07-28 19:00,1.3079995284169321
2025-07-28 20:00,0.883488627123979
2025-07-28 21:00,0.44966104079229263
2025-07-28 22:00,0.5752077394018487
2025-07-28 23:00,0.38862091465006676
2025-07-29 00:00,0.20329729168916455
2025-07-29 01:00,0.27603179707506303
2025-07-29 02:00,0.023620698480119367
2025-07-29 03:00,0.0
2025-07-29 04:00,0.0882064804375156
2025-07-29 05:00,0.4065690917041784
2025-07-29 06:00,0.505261705680399
2025-07-29 07:00,0.0
2025-07-29 08:00,0.0
2025-07-29 09:00,0.013482188237681603
2025-07-29 10:00,0.03282401311830944
2025-07-29 11:00,0.0
2025-07-29 12:00,0.05323472010751985
2025-07-29 13:00,0.0
2025-07-29 14:00,0.5479297940120252
2025-07-29 15:00,1.151312531872105
2025-07-29 16:00,1.320880389017304
2025-07-29 17:00,0.6476189286852989
2025-07-29 18:00,0.3591890012943386
2025-07-29 19:00,0.0
2025-07-29 20:00,0.0342426008890095
2025-07-29 21:00,0.0
2025-07-29 22:00,0.0
2025-07-29 23:00,0.0
2025-07-30 00:00,0.21812767032693375
2025-07-30 01:00,0.1376788995818153
2025-07-30 02:00,0.12363685987396376
2025-07-30 03:00,0.13777853622482475
2025-07-30 04:00,0.6248721309710212
2025-07-30 05:00,0.7187954644760289
2025-07-30 06:00,0.45671769099703685
2025-07-30 07:00,0.15853047988598107
2025-07-30 08:00,0.11715007435066432
2025-07-30 09:00,0.2287724646692352
2025-07-30 10:00,0.23813307559014227
2025-07-30 11:00,0.24169503415583737
2025-07-30 12:00,0.26532318538213495
2025-07-30 13:00,0.44377965642633777
2025-07-30 14:00,2.162776988155073
2025-07-30 15:00,0.9978651194251351
2025-07-30 16:00,3.534791303355743
2025-07-30 17:00,1.6964288055785404
2025-07-30 18:00,0.8985930666482032
2025-07-30 19:00,1.7393287888001585
2025-07-30 20:00,6.418176032927407
2025-07-30 21:00,4.6951467818580195
2025-07-30 22:00,3.0914314798588616
2025-07-30 23:00,5.8012053996050295
2025-07-31 00:00,8.602062264177649
2025-07-31 01:00,10.162470245888356
2025-07-31 02:00,6.412798081209739
2025-07-31 03:00,4.116056498903978
2025-07-31 04:00,3.3545537395803677
2025-07-31 05:00,3.388589457786891
2025-07-31 06:00,0.8949497123323036
2025-07-31 07:00,0.5951304785501771
2025-07-31 08:00,0.6174714009769071
2025-07-31 09:00,0.609271574907349
2025-07-31 10:00,0.6509546369698143
2025-07-31 11:00,0.7908889713019117
2025-07-31 12:00,0.5271668256899761
2025-07-31 13:00,0.6161802695131346
2025-07-31 14:00,0.43229769349667185
2025-07-31 15:00,2.4566768110405324
2025-07-31 16:00,3.1214935738181704
2025-07-31 17:00,4.105524619614238
2025-07-31 18:00,1.9496962363277701
2025-07-31 19:00,0.6951887929593606
2025-07-31 20:00,0.5706321885562008
2025-07-31 21:00,0.7315621074293154
2025-07-31 22:00,1.2542572056685573
2025-07-31 23:00,3.06118501290681
2025-08-01 00:00,2.0637213721701815
2025-08-01 01:00,0.7676691213596316
2025-08-01 02:00,0.813915194220216
2025-08-01 03:00,0.8194991014983998
2025-08-01 04:00,0.7780298688381118
2025-08-01 05:00,0.22420155764897753
2025-08-01 06:00,0.5904144950539981
2025-08-01 07:00,0.2763481425964669
2025-08-01 08:00,0.24333703670528767
2025-08-01 09:00,0.26375477952242654
2025-08-01 10:00,0.352078508582923
2025-08-01 11:00,0.3481648797505392
2025-08-01 12:00,0.5131253163075187
2025-08-01 13:00,0.6676081990557561
2025-08-01 14:00,0.9875718704859293
2025-08-01 15:00,1.2651704175290668
2025-08-01 16:00,1.9849045674236054
2025-08-01 17:00,1.658345297125309
2025-08-01 18:00,0.8586293867360604
2025-08-01 19:00,0.36708824677250157
2025-08-01 20:00,0.39612215114261096
2025-08-01 21:00,0.2965588536178181
2025-08-01 22:00,0.3001405707620148
2025-08-01 23:00,0.17804648847459234
2025-08-02 00:00,0.10583843336289481
2025-08-02 01:00,0.20815090232287084
2025-08-02 02:00,0.6096921563638803
2025-08-02 03:00,0.6877058874567534
2025-08-02 04:00,1.3543513622766505
2025-08-02 05:00,0.7661392593805216
2025-08-02 06:00,0.36629214491054085
2025-08-02 07:00,0.33732878029567903
2025-08-02 08:00,0.2975522927577597
2025-08-02 09:00,0.330113145151686
2025-08-02 10:00,0.13262678021336538
2025-08-02 11:00,0.17858153468417592
2025-08-02 12:00,0.16722058256524125
2025-08-02 13:00,0.29430671338444936
2025-08-02 14:00,0.7273358938013544
2025-08-02 15:00,0.8661656901275198
2025-08-02 16:00,1.8424857848169887
2025-08-02 17:00,1.548561901933203
2025-08-02 18:00,0.9098827206685688
2025-08-02 19:00,0.4527598787500931
2025-08-02 20:00,0.30262616702181294
2025-08-02 21:00,0.26694152082601186
2025-08-02 22:00,0.3640915347396475
2025-08-02 23:00,0.3349498872952042
2025-08-03 00:00,0.05239690922373653
2025-08-03 01:00,0.059301285901819406
2025-08-03 02:00,0.12639730330356752
2025-08-03 03:00,0.09677578125811252
2025-08-03 04:00,0.6631578348069952
2025-08-03 05:00,0.6242398516642845
2025-08-03 06:00,0.5067830031181662
2025-08-03 07:00,0.13404339873025672
2025-08-03 08:00,0.15615629836680872
2025-08-03 09:00,0.06046675741686658
2025-08-03 10:00,0.11875246426382421
2025-08-03 11:00,0.1283607852047945
2025-08-03 12:00,0.45551043574907163
2025-08-03 13:00,0.2063392294360797
2025-08-03 14:00,0.8670846367086462
2025-08-03 15:00,0.3645908714483214
2025-08-03 16:00,0.36416632053158143
2025-08-03 17:00,0.08946717633926204
2025-08-03 18:00,0.19683251138019273
2025-08-03 19:00,0.009618243886090637
2025-08-03 20:00,0.1724966744540758
2025-08-03 21:00,2.0686495517911
2025-08-03 22:00,3.4299645202763056
2025-08-03 23:00,3.460101778926121
2025-08-04 00:00,36.63514431011879
2025-08-04 01:00,40.293661827356516
2025-08-04 02:00,41.16840937871912
2025-08-04 03:00,39.40487701734591
2025-08-04 04:00,38.5281008478305
2025-08-04 05:00,31.82454932960333
2025-08-04 06:00,33.26754787843059
2025-08-04 07:00,29.023405125993214
2025-08-04 08:00,33.41338919500481
2025-08-04 09:00,36.542168952769146
2025-08-04 10:00,34.11269189475645
2025-08-04 11:00,29.888965463558804
2025-08-04 12:00,30.174951873010443
2025-08-04 13:00,30.14423091066857
2025-08-04 14:00,32.34279392459099
2025-08-04 15:00,33.72396535575148
2025-08-04 16:00,33.104938951780696
2025-08-04 17:00,33.8900117626435
2025-08-04 18:00,29.745724805677025
2025-08-04 19:00,31.446455758037274
2025-08-04 20:00,33.03548463609472
2025-08-04 21:00,29.467435999804977
2025-08-04 22:00,31.719442331495483
2025-08-04 23:00,35.487017088063446
2025-08-05 00:00,6.817525087622899
2025-08-05 01:00,5.276790999708631
2025-08-05 02:00,4.687725033897337
2025-08-05 03:00,4.203619058872372
2025-08-05 04:00,4.562456752039984
2025-08-05 05:00,4.531886794848642
2025-08-05 06:00,4.3669565926760825
2025-08-05 07:00,4.05285562086864
2025-08-05 08:00,3.24903580293521
2025-08-05 09:00,3.8458504149222725
2025-08-05 10:00,2.9891702042993447
2025-08-05 11:00,3.7236108126628435
2025-08-05 12:00,4.5133832079746465
2025-08-05 13:00,5.062913008352075
2025-08-05 14:00,5.551328568701683
2025-08-05 15:00,9.280643646969796
2025-08-05 16:00,11.34080230440086
2025-08-05 17:00,12.118521167438654
2025-08-05 18:00,15.817017602593877
2025-08-05 19:00,16.455274047070716
2025-08-05 20:00,18.198610063919773
2025-08-05 21:00,21.58389758636806
2025-08-05 22:00,25.346097815260013
2025-08-05 23:00,27.18297125626056
2025-08-06 00:00,38.63487082788316
2025-08-06 01:00,36.005923866627995
2025-08-06 02:00,35.423584497685425
2025-08-06 03:00,34.401915393093205
2025-08-06 04:00,30.247106347382534
2025-08-06 05:00,29.04067607628726
2025-08-06 06:00,31.82635224362408
2025-08-06 07:00,29.299928617628503
2025-08-06 08:00,31.825000820444014
2025-08-06 09:00,33.79472131846557
2025-08-06 10:00,32.95189714682359
2025-08-06 11:00,29.597848671575772
2025-08-06 12:00,28.69156380078732
2025-08-06 13:00,29.076151762422953
2025-08-06 14:00,29.39747848866858
2025-08-06 15:00,28.066412100583687
2025-08-06 16:00,22.236760063032733
2025-08-06 17:00,25.39206991045718
2025-08-06 18:00,24.011324549869535
2025-08-06 19:00,23.627969511033246
2025-08-06 20:00,19.423373901323306
2025-08-06 21:00,16.541255913406008
2025-08-06 22:00,11.957762033568763
2025-08-06 23:00,11.533861935919758
2025-08-07 00:00,5.542169608246487
2025-08-07 01:00,5.126177221915829
2025-08-07 02:00,3.7324462090953814
2025-08-07 03:00,3.806804393781914
2025-08-07 04:00,3.573016700816291
2025-08-07 05:00,2.866707704261511
2025-08-07 06:00,2.8898939952568634
2025-08-07 07:00,2.483736851388345
2025-08-07 08:00,2.01265957899526
2025-08-07 09:00,2.326579745652729
2025-08-07 10:00,1.909296320477754
2025-08-07 11:00,3.815523631700738
2025-08-07 12:00,4.393477178259651
2025-08-07 13:00,4.5195801780200835
2025-08-07 14:00,3.829938550789455
2025-08-07 15:00,4.311274182063936
2025-08-07 16:00,4.026393020480657
2025-08-07 17:00,3.7041691646468125
2025-08-07 18:00,3.4590242232519612
2025-08-07 19:00,2.902510783248439
2025-08-07 20:00,3.886413260221782
2025-08-07 21:00,2.183018289247041
2025-08-07 22:00,2.1094884988646587
2025-08-07 23:00,1.8270604074711647
2025-08-08 00:00,0.5730505343811033
2025-08-08 01:00,0.33659555879665337
2025-08-08 02:00,0.3140707323663809
2025-08-08 03:00,0.04060334525575749
2025-08-08 04:00,0.0
2025-08-08 05:00,0.0
2025-08-08 06:00,0.0
2025-08-08 07:00,0.0
2025-08-08 08:00,0.0
2025-08-08 09:00,0.13041167579222757
2025-08-08 10:00,0.04077834986110083
2025-08-08 11:00,0.0
2025-08-08 12:00,0.0
2025-08-08 13:00,0.2754080795767667
2025-08-08 14:00,0.7082686770678536
2025-08-08 15:00,1.2204057350090376
2025-08-08 16:00,1.0310528358192603
2025-08-08 17:00,0.9117198498882955
2025-08-08 18:00,0.5080428089275298
2025-08-08 19:00,0.12884392294736707
2025-08-08 20:00,0.11790905714319269
2025-08-08 21:00,0.0966450728650684
2025-08-08 22:00,0.03840454848067926
2025-08-08 23:00,0.03210399618886671
2025-08-09 00:00,1.6346509991241212
2025-08-09 01:00,1.1152708161582296
2025-08-09 02:00,0.5900753786693478
2025-08-09 03:00,1.5104402672901565
2025-08-09 04:00,1.2648914257815278
2025-08-09 05:00,3.0358743771254586
2025-08-09 06:00,2.391768671155516
2025-08-09 07:00,0.975842259660532
2025-08-09 08:00,0.9657070155473831
2025-08-09 09:00,1.048537915418005
2025-08-09 10:00,1.2048617487602837
2025-08-09 11:00,0.6226180118358796
2025-08-09 12:00,2.994552583655501
2025-08-09 13:00,1.2033225057166321
2025-08-09 14:00,1.1743545556861699
2025-08-09 15:00,6.034558260054908
2025-08-09 16:00,14.197746711998432
2025-08-09 17:00,17.178807619482168
2025-08-09 18:00,19.299840916567007
2025-08-09 19:00,18.433530295845955
2025-08-09 20:00,11.491123829271173
2025-08-09 21:00,8.91451583169686
2025-08-09 22:00,7.694822657405431
2025-08-09 23:00,6.6520310096901145
2025-08-10 00:00,13.28560347377423
2025-08-10 01:00,20.340130686920325
2025-08-10 02:00,16.481695035227478
2025-08-10 03:00,24.583626051125574
2025-08-10 04:00,23.730462261483076
2025-08-10 05:00,25.618657628705826
2025-08-10 06:00,28.010975929761052
2025-08-10 07:00,28.666577677429288
2025-08-10 08:00,32.01697033574547
2025-08-10 09:00,29.11174047058619
2025-08-10 10:00,26.480499015231118
2025-08-10 11:00,22.22919615130656
2025-08-10 12:00,21.546261811427183
2025-08-10 13:00,22.186326591351634
2025-08-10 14:00,17.204942986328522
2025-08-10 15:00,15.88200079028609
2025-08-10 16:00,17.578113854630907
2025-08-10 17:00,15.12727072605518
2025-08-10 18:00,14.82886670434715
2025-08-10 19:00,9.927190119799072
2025-08-10 20:00,9.103866059888741
2025-08-10 21:00,7.977088678179562
2025-08-10 22:00,7.254806073100411
2025-08-10 23:00,5.515887588329958
2025-08-11 00:00,1.241994545848174
2025-08-11 01:00,1.273685722253527
2025-08-11 02:00,1.494437299643019
2025-08-11 03:00,2.419364940286208
2025-08-11 04:00,1.4939902529253648
2025-08-11 05:00,1.017054462603455
2025-08-11 06:00,0.7770165966504529
2025-08-11 07:00,0.763860259444377
2025-08-11 08:00,0.5219637618502317
2025-08-11 09:00,0.5550116983282095
2025-08-11 10:00,0.4870874962025194
2025-08-11 11:00,0.8141758105507441
2025-08-11 12:00,1.4785892807367105
2025-08-11 13:00,1.0758143013618195
2025-08-11 14:00,0.5880474132240983
2025-08-11 15:00,5.475705077522356
2025-08-11 16:00,5.509447115693305
2025-08-11 17:00,3.1103443213229776
2025-08-11 18:00,2.1410561636797754
2025-08-11 19:00,2.15426356309724
2025-08-11 20:00,1.2170923977320718
2025-08-11 21:00,1.1237027608714423
2025-08-11 22:00,1.3213320894963383
2025-08-11 23:00,1.0010195046752757
2025-08-12 00:00,0.21882889170265502
2025-08-12 01:00,0.486246420990885
2025-08-12 02:00,0.3698988340550031
2025-08-12 03:00,0.2023553840728472
2025-08-12 04:00,0.34450776513680303
2025-08-12 05:00,0.5830832929345586
2025-08-12 06:00,0.24094585609977476
2025-08-12 07:00,0.39305590085849956
2025-08-12 08:00,0.07596396976613821
2025-08-12 09:00,0.8655954732850749
2025-08-12 10:00,1.5952186214377015
2025-08-12 11:00,3.800522615211727
2025-08-12 12:00,3.012147899232876
2025-08-12 13:00,2.092837138249795
2025-08-12 14:00,3.8878212318335175
2025-08-12 15:00,9.036218071005404
2025-08-12 16:00,3.000646640449797
2025-08-12 17:00,7.003268174517407
2025-08-12 18:00,7.3403495530757175
2025-08-12 19:00,4.98355681034713
2025-08-12 20:00,9.1164243928309
2025-08-12 21:00,2.2454873172345806
2025-08-12 22:00,6.948280157453685
2025-08-12 23:00,6.747012167227751
2025-08-13 00:00,14.881228270979665
2025-08-13 01:00,18.642521001229078
2025-08-13 02:00,28.5348638994846
2025-08-13 03:00,28.853048242675236
2025-08-13 04:00,25.146111984799457
2025-08-13 05:00,27.353677867276005
2025-08-13 06:00,30.919969941678417
2025-08-13 07:00,33.220098038883904
2025-08-13 08:00,36.708558206685304
2025-08-13 09:00,37.41945836131066
2025-08-13 10:00,36.66402601444178
2025-08-13 11:00,36.89821783146625
2025-08-13 12:00,36.76361204630414
2025-08-13 13:00,37.017608499638655
2025-08-13 14:00,36.506866734917196
2025-08-13 15:00,38.0742751728624
2025-08-13 16:00,37.31652247677726
2025-08-13 17:00,37.405682361033335
2025-08-13 18:00,34.79207514864678
2025-08-13 19:00,31.777013846730302
2025-08-13 20:00,31.83458804961111
2025-08-13 21:00,31.63714302012003
2025-08-13 22:00,30.299997881951064
2025-08-13 23:00,27.122113690117835
2025-08-14 00:00,25.685970795783987
2025-08-14 01:00,24.22973313103578
2025-08-14 02:00,23.216088649682728
2025-08-14 03:00,21.8499998621253
2025-08-14 04:00,22.357438011331645
2025-08-14 05:00,21.35664822694095
2025-08-14 06:00,18.56892860424413
2025-08-14 07:00,18.998324261701782
2025-08-14 08:00,19.34242347818264
2025-08-14 09:00,17.64740234263246
2025-08-14 10:00,16.151934033697874
2025-08-14 11:00,12.79517796514964
2025-08-14 12:00,16.066345335450556
2025-08-14 13:00,14.304369593013355
2025-08-14 14:00,15.035587448711599
2025-08-14 15:00,15.478519210627582
2025-08-14 16:00,19.087310023750945
2025-08-14 17:00,16.89797899364782
2025-08-14 18:00,15.539500659812582
2025-08-14 19:00,12.207647452985116
2025-08-14 20:00,12.420652093562326
2025-08-14 21:00,10.409122593278948
2025-08-14 22:00,9.722984813936343
2025-08-14 23:00,8.819654462386348
2025-08-15 00:00,1.2219305359889618
2025-08-15 01:00,0.2810568964674749
2025-08-15 02:00,0.17910578969121316
2025-08-15 03:00,0.20417458947796296
2025-08-15 04:00,0.061718081545177064
2025-08-15 05:00,1.0430886935227601
2025-08-15 06:00,0.08519955719208737
2025-08-15 07:00,0.0
2025-08-15 08:00,0.0
2025-08-15 09:00,0.022258200548312124
2025-08-15 10:00,0.045290449974328365
2025-08-15 11:00,0.15988341012245438
2025-08-15 12:00,1.9691743060141467
2025-08-15 13:00,1.002796085742948
2025-08-15 14:00,1.020271923653631
2025-08-15 15:00,1.4462234813382815
2025-08-15 16:00,0.7947719345262148
2025-08-15 17:00,0.7787541227111042
2025-08-15 18:00,1.1695819582823224
2025-08-15 19:00,0.12094996167537123
2025-08-15 20:00,0.04665099760593698
2025-08-15 21:00,0.014263005688959792
2025-08-15 22:00,0.07210319077297728
2025-08-15 23:00,0.11532796307769728
2025-08-16 00:00,0.0
2025-08-16 01:00,0.0
2025-08-16 02:00,0.0
2025-08-16 03:00,0.0
2025-08-16 04:00,0.0
2025-08-16 05:00,0.0
2025-08-16 06:00,0.0584520769747397
2025-08-16 07:00,0.10073851000845757
2025-08-16 08:00,0.4784115327133727
2025-08-16 09:00,0.08288153952840535
2025-08-16 10:00,0.038417993583527967
2025-08-16 11:00,0.0009203731656487538
2025-08-16 12:00,0.1585545388865428
2025-08-16 13:00,0.7758650261926637
2025-08-16 14:00,0.9513520605058023
2025-08-16 15:00,1.4383172872777288
2025-08-16 16:00,1.2795622200607282
2025-08-16 17:00,0.658169577588058
2025-08-16 18:00,0.5200283546684186
2025-08-16 19:00,0.04680691844399232
2025-08-16 20:00,0.023778119042613177
2025-08-16 21:00,0.26205094016778374
2025-08-16 22:00,0.435083121330349
2025-08-16 23:00,0.7337474438203215
2025-08-17 00:00,0.7519477667977842
2025-08-17 01:00,1.3183995366670933
2025-08-17 02:00,0.5295038976956062
2025-08-17 03:00,0.9950426674706228
2025-08-17 04:00,1.4592771118674017
2025-08-17 05:00,0.775287991046889
2025-08-17 06:00,1.4105793131672666
2025-08-17 07:00,0.35273301838725113
2025-08-17 08:00,0.12046749484460009
2025-08-17 09:00,0.12073823804372302
2025-08-17 10:00,0.0
2025-08-17 11:00,0.0
2025-08-17 12:00,0.6688074725390205
2025-08-17 13:00,0.9333390738025497
2025-08-17 14:00,1.050183588196127
2025-08-17 15:00,1.1071098361410263
2025-08-17 16:00,1.2044415525323888
2025-08-17 17:00,1.3317779145204094
2025-08-17 18:00,0.8962943012948046
2025-08-17 19:00,0.3100493377335257
2025-08-17 20:00,0.6611720914273191
2025-08-17 21:00,0.3242735058328434
2025-08-17 22:00,0.2066548452259737
2025-08-17 23:00,0.32811382720088406
2025-08-18 00:00,0.2060259755724647
2025-08-18 01:00,0.014119815908770438
2025-08-18 02:00,0.30235902971925943
2025-08-18 03:00,1.998513584175236
2025-08-18 04:00,0.3162092856130094
2025-08-18 05:00,1.1339172404032452
2025-08-18 06:00,1.2779021266166095
2025-08-18 07:00,0.3557907448089056
2025-08-18 08:00,0.1541818651020639
2025-08-18 09:00,1.5776318112486858
2025-08-18 10:00,0.31838036404215614
2025-08-18 11:00,0.5383190349237936
2025-08-18 12:00,0.22739765792510547
2025-08-18 13:00,0.20594016844259944
2025-08-18 14:00,0.9181834785065919
2025-08-18 15:00,1.3485463855932431
2025-08-18 16:00,1.2846310105421557
2025-08-18 17:00,1.819696023297227
2025-08-18 18:00,1.3951943432225233
2025-08-18 19:00,1.0096375313996904
2025-08-18 20:00,0.5867510356277184
2025-08-18 21:00,0.596675066381801
2025-08-18 22:00,0.9913918434626765
2025-08-18 23:00,2.9828742788166793
2025-08-19 00:00,6.15630364983819
2025-08-19 01:00,8.737640668346147
2025-08-19 02:00,10.464041596560655
2025-08-19 03:00,9.82613584290962
2025-08-19 04:00,9.120151879206949
2025-08-19 05:00,8.77224268503216
2025-08-19 06:00,12.433610654554613
2025-08-19 07:00,9.728823046268623
2025-08-19 08:00,10.365032789020674
2025-08-19 09:00,9.224966878105379
2025-08-19 10:00,7.678725235152488
2025-08-19 11:00,7.215303781892393
2025-08-19 12:00,8.886926459364833
2025-08-19 13:00,7.974202930277972
2025-08-19 14:00,10.164458622927542
2025-08-19 15:00,9.53165710027051
2025-08-19 16:00,11.003283458839782
2025-08-19 17:00,10.439165254962216
2025-08-19 18:00,11.535976051588438
2025-08-19 19:00,9.664473079764111
2025-08-19 20:00,7.453315240601815
2025-08-19 21:00,5.972817004585401
2025-08-19 22:00,5.124676973641941
2025-08-19 23:00,5.363437615175576
2025-08-20 00:00,5.85136533934348
2025-08-20 01:00,6.886665904381015
2025-08-20 02:00,4.369831394319517
2025-08-20 03:00,5.396987854396313
2025-08-20 04:00,5.271452348914124
2025-08-20 05:00,7.123647155616316
2025-08-20 06:00,5.169907753717922
2025-08-20 07:00,5.9326138411329765
2025-08-20 08:00,6.579406629276818
2025-08-20 09:00,3.230410437725873
2025-08-20 10:00,3.8783836663887286
2025-08-20 11:00,3.9802269081880794
2025-08-20 12:00,4.2177042298054035
2025-08-20 13:00,4.205529920098851
2025-08-20 14:00,5.414490068473208
2025-08-20 15:00,7.159220207440347
2025-08-20 16:00,8.526377236425471
2025-08-20 17:00,6.044698035814359
2025-08-20 18:00,4.855474473729947
2025-08-20 19:00,3.359351576049745
2025-08-20 20:00,2.519898287460366
2025-08-20 21:00,1.3497422519118962
2025-08-20 22:00,1.4102888243737268
2025-08-20 23:00,0.8214353230066971
2025-08-21 00:00,0.0
2025-08-21 01:00,0.12216496583585346
2025-08-21 02:00,0.0
2025-08-21 03:00,0.0
2025-08-21 04:00,0.11142575524136693
2025-08-21 05:00,0.014168070083595377
2025-08-21 06:00,0.10221037335782507
2025-08-21 07:00,0.06991416520875124
2025-08-21 08:00,0.007837520579566548
2025-08-21 09:00,0.8001716540810577
2025-08-21 10:00,0.555745583916218
2025-08-21 11:00,0.16884246269485267
2025-08-21 12:00,0.0674415893610748
2025-08-21 13:00,0.40068795565667215
2025-08-21 14:00,0.9556897193237899
2025-08-21 15:00,1.8666355366581837
2025-08-21 16:00,2.296931161511227
2025-08-21 17:00,1.7356027584094962
2025-08-21 18:00,1.1481704375755006
2025-08-21 19:00,0.032689608149160325
2025-08-21 20:00,0.02874219527872901
2025-08-21 21:00,0.2668807224642985
2025-08-21 22:00,0.0396442058136832
2025-08-21 23:00,0.05426453496021231
2025-08-22 00:00,0.24028915820248203
2025-08-22 01:00,0.17576494976140425
2025-08-22 02:00,0.2303041580212755
2025-08-22 03:00,0.20155377926255197
2025-08-22 04:00,0.24348806318554372
2025-08-22 05:00,0.20406621798626878
2025-08-22 06:00,0.09277399618471298
2025-08-22 07:00,0.20539974793056684
2025-08-22 08:00,0.2758540235024979
2025-08-22 09:00,0.2867795452758131
2025-08-22 10:00,0.21061956857230443
2025-08-22 11:00,0.3259743282756442
2025-08-22 12:00,0.43675684956043104
2025-08-22 13:00,0.5335935855380742
2025-08-22 14:00,0.8903896867475878
2025-08-22 15:00,1.2393792499383687
2025-08-22 16:00,1.007688665424381
2025-08-22 17:00,0.7195296283339848
2025-08-22 18:00,0.5817546934029751
2025-08-22 19:00,0.21864681396759278
2025-08-22 20:00,0.20235929121633459
2025-08-22 21:00,0.22649252370753883
2025-08-22 22:00,0.18580709544868046
2025-08-22 23:00,0.21618335923078116
2025-08-23 00:00,0.12774272117615723
2025-08-23 01:00,0.13043978072826332
2025-08-23 02:00,0.10121685989786322
2025-08-23 03:00,0.0700175080216813
2025-08-23 04:00,0.10644080381781201
2025-08-23 05:00,0.08554760192413885
2025-08-23 06:00,0.03463650530931073
2025-08-23 07:00,0.19948692457992628
2025-08-23 08:00,0.03944987081556933
2025-08-23 09:00,0.09459911405211505
2025-08-23 10:00,0.21014993794921932
2025-08-23 11:00,0.19686334487721707
2025-08-23 12:00,0.5798929041494247
2025-08-23 13:00,0.8755811282657362
2025-08-23 14:00,0.8609334360233503
2025-08-23 15:00,1.1647309765664076
2025-08-23 16:00,1.229281382983072
2025-08-23 17:00,1.1879935965128317
2025-08-23 18:00,0.9378965173162819
2025-08-23 19:00,0.26347641235861713
2025-08-23 20:00,0.3432096737916136
2025-08-23 21:00,0.371261281183318
2025-08-23 22:00,0.29847514996104213
2025-08-23 23:00,0.20730406456927875
2025-08-24 00:00,0.3514042125903236
2025-08-24 01:00,0.0033490978876187212
2025-08-24 02:00,0.0
2025-08-24 03:00,0.01955391166682959
2025-08-24 04:00,0.0
2025-08-24 05:00,0.0
2025-08-24 06:00,0.7359405668429637
2025-08-24 07:00,0.06324563519460269
2025-08-24 08:00,0.0
2025-08-24 09:00,0.08512300185791757
2025-08-24 10:00,0.01354700422127386
2025-08-24 11:00,0.0
2025-08-24 12:00,0.7197100928495443
2025-08-24 13:00,1.1562560830452315
2025-08-24 14:00,1.2118384148673245
2025-08-24 15:00,1.9808075828824578
2025-08-24 16:00,1.3191110112297437
2025-08-24 17:00,1.1283708758883289
2025-08-24 18:00,0.6429572245723217
2025-08-24 19:00,0.4224644895941156
2025-08-24 20:00,0.3134939904004702
2025-08-24 21:00,0.0
2025-08-24 22:00,0.0
2025-08-24 23:00,0.8844002832924935
2025-08-25 00:00,5.013479891883895
2025-08-25 01:00,5.470987505434902
2025-08-25 02:00,6.563009407117452
2025-08-25 03:00,6.755159974972518
2025-08-25 04:00,7.671001948760281
2025-08-25 05:00,7.698881090341475
2025-08-25 06:00,7.19857433180945
2025-08-25 07:00,10.261706366676698
2025-08-25 08:00,8.791455467028207
2025-08-25 09:00,8.277292622265813
2025-08-25 10:00,9.630194085264216
2025-08-25 11:00,9.693371519491166
2025-08-25 12:00,9.904508981655116
2025-08-25 13:00,14.866566238998066
2025-08-25 14:00,15.507989211445768
2025-08-25 15:00,14.432882232874224
2025-08-25 16:00,17.46541855307144
2025-08-25 17:00,19.694375373641996
2025-08-25 18:00,18.856243457031795
2025-08-25 19:00,16.42051536166115
2025-08-25 20:00,16.847772843193255
2025-08-25 21:00,18.90285109464464
2025-08-25 22:00,23.40316087899034
2025-08-25 23:00,22.3901068069789
2025-08-26 00:00,32.572844130222826
2025-08-26 01:00,34.16329770536819
2025-08-26 02:00,36.58171558920094
2025-08-26 03:00,36.245028271997995
2025-08-26 04:00,36.31734302046032
2025-08-26 05:00,36.546286916630244
2025-08-26 06:00,31.6371940791635
2025-08-26 07:00,31.360609251078124
2025-08-26 08:00,24.262286261648576
2025-08-26 09:00,25.2976989737244
2025-08-26 10:00,21.880077626855087
2025-08-26 11:00,26.852148972275703
2025-08-26 12:00,19.53762008003045
2025-08-26 13:00,13.76424811851557
2025-08-26 14:00,8.793394009409056
2025-08-26 15:00,6.078261720739245
2025-08-26 16:00,7.983682025908729
2025-08-26 17:00,9.573427503918042
2025-08-26 18:00,9.073126012510654
2025-08-26 19:00,10.80691607364108
2025-08-26 20:00,14.442343322895196
2025-08-26 21:00,9.183954991719396
2025-08-26 22:00,9.888704444628683
2025-08-26 23:00,8.346902489147318
2025-08-27 00:00,0.8167842981803854
2025-08-27 01:00,0.9084842566081112
2025-08-27 02:00,1.1520061911108646
2025-08-27 03:00,1.2296567588828777
2025-08-27 04:00,0.388170457475876
2025-08-27 05:00,0.267546505537424
2025-08-27 06:00,1.739152162113322
2025-08-27 07:00,0.14813581377720084
2025-08-27 08:00,0.17924644084342004
2025-08-27 09:00,0.4838885382695749
2025-08-27 10:00,0.23128399486909731
2025-08-27 11:00,0.8545643150633486
2025-08-27 12:00,0.28421012204234775
2025-08-27 13:00,0.500743921203669
2025-08-27 14:00,0.5976888443292889
2025-08-27 15:00,0.8970295497049852
2025-08-27 16:00,1.0846464027012748
2025-08-27 17:00,0.6587037250313728
2025-08-27 18:00,0.4701791822439982
2025-08-27 19:00,0.25664740926818597
2025-08-27 20:00,0.6832467298286721
2025-08-27 21:00,0.4195167570599232
2025-08-27 22:00,0.4788325396757706
2025-08-27 23:00,0.7385111529502661
2025-08-28 00:00,2.775357015031069
2025-08-28 01:00,2.3282398161546953
2025-08-28 02:00,1.9133997352683454
2025-08-28 03:00,3.4084747093671703
2025-08-28 04:00,6.791275218649043
2025-08-28 05:00,7.3360301735753755
2025-08-28 06:00,8.322988639192092
2025-08-28 07:00,7.401523211655901
2025-08-28 08:00,5.149038784553121
2025-08-28 09:00,6.215863864623685
2025-08-28 10:00,7.365360930142963
2025-08-28 11:00,11.121568761251323
2025-08-28 12:00,11.547112304038675
2025-08-28 13:00,9.778895992224452
2025-08-28 14:00,8.77522885716881
2025-08-28 15:00,13.09248566189489
2025-08-28 16:00,14.389005440349493
2025-08-28 17:00,12.447620279995954
2025-08-28 18:00,11.258987007485512
2025-08-28 19:00,8.106184820746279
2025-08-28 20:00,9.088920177507903
2025-08-28 21:00,10.047486936535226
2025-08-28 22:00,12.218407963209131
2025-08-28 23:00,13.54845224323559
2025-08-29 00:00,18.389414341123395
2025-08-29 01:00,18.690305181542783
2025-08-29 02:00,18.38608034559781
2025-08-29 03:00,18.100735472021
2025-08-29 04:00,19.351832720626238
2025-08-29 05:00,21.279609477332883
2025-08-29 06:00,17.033222372033883
2025-08-29 07:00,14.70459213799708
2025-08-29 08:00,14.17653359888245
2025-08-29 09:00,10.685579578309248
2025-08-29 10:00,9.582171837758729
2025-08-29 11:00,10.413829435153522
2025-08-29 12:00,7.555515364925711
2025-08-29 13:00,9.785339786042087
2025-08-29 14:00,11.374126952137871
2025-08-29 15:00,11.673740557567472
2025-08-29 16:00,10.710263304218302
2025-08-29 17:00,9.891361209142506
2025-08-29 18:00,8.567465149731039
2025-08-29 19:00,5.377492161875175
2025-08-29 20:00,5.404026591220537
2025-08-29 21:00,5.33643075021836
2025-08-29 22:00,4.829728863294024
2025-08-29 23:00,5.2177631518543075
2025-08-30 00:00,1.3996669773512205
2025-08-30 01:00,1.7059497372183614
2025-08-30 02:00,1.5563191534166143
2025-08-30 03:00,1.5714490211180763
2025-08-30 04:00,1.6892602442689622
2025-08-30 05:00,1.8751432188206056
2025-08-30 06:00,2.219314690326644
2025-08-30 07:00,1.6938865141784123
2025-08-30 08:00,0.518046301060519
2025-08-30 09:00,0.3086578792202035
2025-08-30 10:00,0.07972998418434038
2025-08-30 11:00,0.3087146523901568
2025-08-30 12:00,0.31181958831507983
2025-08-30 13:00,0.674935568493276
2025-08-30 14:00,0.9827104133053562
2025-08-30 15:00,1.9390290930219911
2025-08-30 16:00,2.3085153224708566
2025-08-30 17:00,1.388033474323556
2025-08-30 18:00,0.691679239890024
2025-08-30 19:00,0.18026945506220915
2025-08-30 20:00,0.17908849149645106
2025-08-30 21:00,0.07878406799452313
2025-08-30 22:00,0.0545488620727648
2025-08-30 23:00,0.0
2025-08-31 00:00,0.6208566626296528
2025-08-31 01:00,0.5433854508541881
2025-08-31 02:00,0.3407899434514524
2025-08-31 03:00,0.5594947419292357
2025-08-31 04:00,0.4409999296774828
2025-08-31 05:00,0.655336276795951
2025-08-31 06:00,0.6700422026593937
2025-08-31 07:00,0.7024770390449621
2025-08-31 08:00,1.5805163691153314
2025-08-31 09:00,1.1484379860514955
2025-08-31 10:00,1.3762425075767177
2025-08-31 11:00,2.2494382878811248
2025-08-31 12:00,2.643768842577031
2025-08-31 13:00,3.2666808330850006
2025-08-31 14:00,4.110170985541074
2025-08-31 15:00,9.810306025108492
2025-08-31 16:00,7.147252370933262
2025-08-31 17:00,4.8740665717137
2025-08-31 18:00,10.649193002882662
2025-08-31 19:00,5.192181104845372
2025-08-31 20:00,3.656058414609669
2025-08-31 21:00,6.6507521953521485
2025-08-31 22:00,10.725388530304656
2025-08-31 23:00,7.739630096272975
2025-09-01 00:00,19.260085354487273
2025-09-01 01:00,26.902308006104583
2025-09-01 02:00,28.286041189461855
2025-09-01 03:00,21.78171728719533
2025-09-01 04:00,20.020004512789072
2025-09-01 05:00,24.98076875258809
2025-09-01 06:00,24.870731500647437
2025-09-01 07:00,27.043670768953778
2025-09-01 08:00,26.509660405697225
2025-09-01 09:00,24.511292612218707
2025-09-01 10:00,24.686227928744955
2025-09-01 11:00,26.085727968397237
2025-09-01 12:00,29.164076031749026
2025-09-01 13:00,29.019601719182106
2025-09-01 14:00,30.191892821739224
2025-09-01 15:00,25.926147841794865
2025-09-01 16:00,30.36820729456728
2025-09-01 17:00,25.699991258568115
2025-09-01 18:00,15.750432611106127
2025-09-01 19:00,18.939701312166083
2025-09-01 20:00,15.531481544680119
2025-09-01 21:00,10.750355819038148
2025-09-01 22:00,9.069076411843007
2025-09-01 23:00,8.137858130213523
2025-09-02 00:00,0.8085535662455459
2025-09-02 01:00,1.2044576673391036
2025-09-02 02:00,1.6245225714192433
2025-09-02 03:00,2.147671431096514
2025-09-02 04:00,0.8661347918569801
2025-09-02 05:00,1.2316506025912244
2025-09-02 06:00,1.3605406888484524
2025-09-02 07:00,0.18982223281194782
2025-09-02 08:00,0.268662401185011
2025-09-02 09:00,0.22967703083307917
2025-09-02 10:00,0.09847673109998893
2025-09-02 11:00,0.22244134341054908
2025-09-02 12:00,0.22003473418674335
2025-09-02 13:00,0.9442918682692061
2025-09-02 14:00,1.5584987451402683
2025-09-02 15:00,0.650304862811109
2025-09-02 16:00,0.5856108894809156
2025-09-02 17:00,0.7976029293361527
2025-09-02 18:00,1.0552242698408048
2025-09-02 19:00,0.4514523122454366
2025-09-02 20:00,0.5055719705624909
2025-09-02 21:00,0.6506714546103785
2025-09-02 22:00,1.0331347987405324
2025-09-02 23:00,1.4934871899745341
2025-09-03 00:00,0.7278640429555263
2025-09-03 01:00,0.3389126399917813
2025-09-03 02:00,0.07147019009396532
2025-09-03 03:00,0.0
2025-09-03 04:00,0.01295199326851545
2025-09-03 05:00,0.08054379270422507
2025-09-03 06:00,0.15864839006057324
2025-09-03 07:00,0.05481738716196114
2025-09-03 08:00,0.019623268370745402
2025-09-03 09:00,0.0
2025-09-03 10:00,0.00986413729505415
2025-09-03 11:00,0.0
2025-09-03 12:00,0.8087780460851888
2025-09-03 13:00,0.5524784080977365
2025-09-03 14:00,0.10568878163032247
2025-09-03 15:00,1.553614585571791
2025-09-03 16:00,1.579583829052079
2025-09-03 17:00,1.2685696877034334
2025-09-03 18:00,0.9054130730127798
2025-09-03 19:00,0.3244024652159387
2025-09-03 20:00,0.038532466132054154
2025-09-03 21:00,0.3144870952093028
2025-09-03 22:00,0.7050694932558526
2025-09-03 23:00,0.22160525745573095
2025-09-04 00:00,0.03502140812036064
2025-09-04 01:00,0.4961084848401125
2025-09-04 02:00,0.3448875685955257
2025-09-04 03:00,0.20715735982060068
2025-09-04 04:00,0.7086157499437628
2025-09-04 05:00,0.6466647083832446
2025-09-04 06:00,1.5136272474451473
2025-09-04 07:00,1.6448858867317213
2025-09-04 08:00,0.7441123576751367
2025-09-04 09:00,0.09339119663922005
2025-09-04 10:00,0.03254982947418979
2025-09-04 11:00,0.9531071425093385
2025-09-04 12:00,1.0742706498601515
2025-09-04 13:00,2.1435196190272743
2025-09-04 14:00,2.6988798837552865
2025-09-04 15:00,3.5287481325220442
2025-09-04 16:00,4.27385919014324
2025-09-04 17:00,4.930917041552183
2025-09-04 18:00,6.134570457361103
2025-09-04 19:00,6.5231524006772315
2025-09-04 20:00,4.014048026673284
2025-09-04 21:00,3.1218925306297756
2025-09-04 22:00,4.417096897311446
2025-09-04 23:00,4.623145204954856
2025-09-05 00:00,0.8642352360563903
2025-09-05 01:00,0.4680507114350896
2025-09-05 02:00,0.237622874794543
2025-09-05 03:00,0.2725181653240641
2025-09-05 04:00,0.400754272096134
2025-09-05 05:00,0.2831421072789637
2025-09-05 06:00,0.41659611978028765
2025-09-05 07:00,1.0125887387212762
2025-09-05 08:00,0.16569893180217074
2025-09-05 09:00,0.09749517571393204
2025-09-05 10:00,0.04635609474023218
2025-09-05 11:00,0.0
2025-09-05 12:00,0.07052828856876395
2025-09-05 13:00,0.6247919274323518
2025-09-05 14:00,0.9792343275558779
2025-09-05 15:00,1.8235152769711136
2025-09-05 16:00,1.6828236937984897
2025-09-05 17:00,0.5976700299495367
2025-09-05 18:00,0.35693774372349574
2025-09-05 19:00,0.04399125810259935
2025-09-05 20:00,0.5087876597878
2025-09-05 21:00,0.15312909820017895
2025-09-05 22:00,0.2671222274394884
2025-09-05 23:00,0.3904037450010302
2025-09-06 00:00,22.184250613832532
2025-09-06 01:00,20.498505895244982
2025-09-06 02:00,20.102885841898388
2025-09-06 03:00,21.52345736522146
2025-09-06 04:00,18.337686706129738
2025-09-06 05:00,22.76248810715949
2025-09-06 06:00,21.890912815174687
2025-09-06 07:00,25.265125445034872
2025-09-06 08:00,27.461033305910203
2025-09-06 09:00,28.89224175330365
2025-09-06 10:00,25.56147134821184
2025-09-06 11:00,27.608041917084414
2025-09-06 12:00,29.51089752794403
2025-09-06 13:00,27.068768593103652
2025-09-06 14:00,26.34975186352714
2025-09-06 15:00,30.050445859429193
2025-09-06 16:00,29.13511233674604
2025-09-06 17:00,33.35618042623473
2025-09-06 18:00,28.95057124903738
2025-09-06 19:00,30.96351780502375
2025-09-06 20:00,32.80870975237678
2025-09-06 21:00,30.832513727721764
2025-09-06 22:00,32.238268916238624
2025-09-06 23:00,26.66578775772677
2025-09-07 00:00,21.98448090437543
2025-09-07 01:00,17.67075399261039
2025-09-07 02:00,19.131657061126603
2025-09-07 03:00,7.860467379139585
2025-09-07 04:00,9.055482065650866
2025-09-07 05:00,21.132716898648425
2025-09-07 06:00,14.008248450615008
2025-09-07 07:00,12.269036277089095
2025-09-07 08:00,3.869938286781869
2025-09-07 09:00,4.9827185551827045
2025-09-07 10:00,2.8680867577672897
2025-09-07 11:00,1.8599304324036274
2025-09-07 12:00,1.9515309418542752
2025-09-07 13:00,2.0384758345672047
2025-09-07 14:00,1.5995795042615537
2025-09-07 15:00,5.456078069692174
2025-09-07 16:00,5.294618856486624
2025-09-07 17:00,2.739447743873539
2025-09-07 18:00,3.1062148944332444
2025-09-07 19:00,3.7422642045721854
2025-09-07 20:00,2.879824587175956
2025-09-07 21:00,3.4781534781733185
2025-09-07 22:00,1.8610329104973977
2025-09-07 23:00,2.5012184129919164
2025-09-08 00:00,1.5894364266579164
2025-09-08 01:00,1.1544699005848467
2025-09-08 02:00,0.671781738088771
2025-09-08 03:00,0.7984989111588373
2025-09-08 04:00,0.6271413383645601
2025-09-08 05:00,0.47241473639415565
2025-09-08 06:00,0.7761641458540676
2025-09-08 07:00,1.114226497760669
2025-09-08 08:00,1.2686749118301939
2025-09-08 09:00,0.15344766146540317
2025-09-08 10:00,0.2049957376492126
2025-09-08 11:00,0.05555687688324471
2025-09-08 12:00,0.04915012313456256
2025-09-08 13:00,0.11181895659494433
2025-09-08 14:00,0.4726343782948891
2025-09-08 15:00,0.49555720127938485
2025-09-08 16:00,0.3297520222799083
2025-09-08 17:00,0.2219043371665418
2025-09-08 18:00,0.6950930869089913
2025-09-08 19:00,0.3465314895381788
2025-09-08 20:00,0.27739063029954253
2025-09-08 21:00,0.33697739818881867
2025-09-08 22:00,0.5665953171544129
2025-09-08 23:00,0.5819668265499612
2025-09-09 00:00,1.8241499149474318
2025-09-09 01:00,0.9346368569728343
2025-09-09 02:00,1.4018696732072882
2025-09-09 03:00,1.6629781618243626
2025-09-09 04:00,0.08358882448611996
2025-09-09 05:00,0.3247340547804107
2025-09-09 06:00,0.27710105392643486
2025-09-09 07:00,1.6259933280016599
2025-09-09 08:00,0.6258845288501432
2025-09-09 09:00,0.5750773550727788
2025-09-09 10:00,1.7979442785587123
2025-09-09 11:00,2.0647610598000474
2025-09-09 12:00,7.0560961360954675
2025-09-09 13:00,2.666697731500486
2025-09-09 14:00,1.8375092280447842
2025-09-09 15:00,4.5186535152153615
2025-09-09 16:00,5.919288470250157
2025-09-09 17:00,3.207680695527454
2025-09-09 18:00,1.927393425509975
2025-09-09 19:00,5.744579179797551
2025-09-09 20:00,2.2464259655714263
2025-09-09 21:00,0.468261757011499
2025-09-09 22:00,0.3621223023048956
2025-09-09 23:00,0.3474392953116901
2025-09-10 00:00,2.2280774201166063
2025-09-10 01:00,3.0945488761397426
2025-09-10 02:00,4.151208168570992
2025-09-10 03:00,3.370011906225058
2025-09-10 04:00,4.256265076948055
2025-09-10 05:00,5.04610972856145
2025-09-10 06:00,5.9657690176853855
2025-09-10 07:00,2.5779084026891037
2025-09-10 08:00,4.7793138637042505
2025-09-10 09:00,4.978116052479535
2025-09-10 10:00,7.181458705220525
2025-09-10 11:00,8.527084482172397
2025-09-10 12:00,8.082409705421199
2025-09-10 13:00,8.494792147834113
2025-09-10 14:00,4.7561176975048784
2025-09-10 15:00,6.375958560095744
2025-09-10 16:00,7.787975746611714
2025-09-10 17:00,7.6915306161375705
2025-09-10 18:00,6.495553670457166
2025-09-10 19:00,7.957592103108096
2025-09-10 20:00,10.90158947409379
2025-09-10 21:00,8.332989656835256
2025-09-10 22:00,6.7823370463426285
2025-09-10 23:00,8.162305347165805
2025-09-11 00:00,5.1689719371037315
2025-09-11 01:00,2.1100097988869893
2025-09-11 02:00,1.4563060051504944
2025-09-11 03:00,1.155403047233512
2025-09-11 04:00,1.6068224033839238
2025-09-11 05:00,1.7559825418701391
2025-09-11 06:00,1.7539832643369357
2025-09-11 07:00,1.4024584918624952
2025-09-11 08:00,2.438320914703332
2025-09-11 09:00,2.5832439831411946
2025-09-11 10:00,1.6920485260504514
2025-09-11 11:00,1.9345870782331018
2025-09-11 12:00,1.5399449835596821
2025-09-11 13:00,0.965080262798373
2025-09-11 14:00,1.2312547502179605
2025-09-11 15:00,1.7269106204235998
2025-09-11 16:00,3.3442302876764094
2025-09-11 17:00,1.561894127291851
2025-09-11 18:00,2.1031060023103256
2025-09-11 19:00,4.327174960677042
2025-09-11 20:00,6.295892095068645
2025-09-11 21:00,6.353746469148813
2025-09-11 22:00,4.664619276361595
2025-09-11 23:00,2.4858248931621456
2025-09-12 00:00,2.6302577192637333
2025-09-12 01:00,3.250209926716197
2025-09-12 02:00,3.8724605504197647
2025-09-12 03:00,4.846624139860929
2025-09-12 04:00,4.415724457144224
2025-09-12 05:00,3.2903536343420403
2025-09-12 06:00,5.347980752327867
2025-09-12 07:00,4.409387111404477
2025-09-12 08:00,3.8557127458588716
2025-09-12 09:00,3.0114933235282826
2025-09-12 10:00,2.2087553644223243
2025-09-12 11:00,2.6596281859217497
2025-09-12 12:00,3.8426912871659216
2025-09-12 13:00,2.794324041379028
2025-09-12 14:00,3.2582548044910506
2025-09-12 15:00,3.4654299487598728
2025-09-12 16:00,4.1070871954705455
2025-09-12 17:00,5.6480422040973846
2025-09-12 18:00,5.255313442743734
2025-09-12 19:00,6.00719880171827
2025-09-12 20:00,3.798572800379421
2025-09-12 21:00,4.686793777896358
2025-09-12 22:00,4.427978525670188
2025-09-12 23:00,3.6377221517189318
2025-09-13 00:00,22.119888368470967
2025-09-13 01:00,39.904183403369615
2025-09-13 02:00,47.21039304900291
2025-09-13 03:00,46.89220780464905
2025-09-13 04:00,49.16128157625732
2025-09-13 05:00,49.578619221775426
2025-09-13 06:00,47.324878096958926
2025-09-13 07:00,46.92587223213883
2025-09-13 08:00,46.15870271728163
2025-09-13 09:00,43.72241672286292
2025-09-13 10:00,36.65209641142448
2025-09-13 11:00,31.179619036725562
2025-09-13 12:00,26.538516350855602
2025-09-13 13:00,25.463477895917357
2025-09-13 14:00,22.771826725036355
2025-09-13 15:00,18.821451143126804
2025-09-13 16:00,20.737636874793388
2025-09-13 17:00,17.0708302446557
2025-09-13 18:00,13.78958519414974
2025-09-13 19:00,9.635360696224357
2025-09-13 20:00,9.356604697108303
2025-09-13 21:00,11.600428876772003
2025-09-13 22:00,10.783936366666161
2025-09-13 23:00,9.483168447414478
2025-09-14 00:00,1.025990331609877
2025-09-14 01:00,1.390398449238902
2025-09-14 02:00,1.7898496098699106
2025-09-14 03:00,1.0749927738370852
2025-09-14 04:00,3.22930608893814
2025-09-14 05:00,1.0996332419074792
2025-09-14 06:00,1.0362326729283569
2025-09-14 07:00,0.9453556065310367
2025-09-14 08:00,1.440748851061941
2025-09-14 09:00,0.2905700590868722
2025-09-14 10:00,0.2154907431486749
2025-09-14 11:00,0.18633670641438776
2025-09-14 12:00,0.16516816028870102
2025-09-14 13:00,1.1709203232187795
2025-09-14 14:00,1.1028122789030046
2025-09-14 15:00,0.6100390215515381
2025-09-14 16:00,1.1571043338742089
2025-09-14 17:00,1.1446707162274907
2025-09-14 18:00,0.6326090681507686
2025-09-14 19:00,0.6177803009261209
2025-09-14 20:00,0.8521551051757112
2025-09-14 21:00,0.47594519335426466
2025-09-14 22:00,0.46755579454794444
2025-09-14 23:00,0.5532926587107914
2025-09-15 00:00,0.6827843670681041
2025-09-15 01:00,0.6555829776475137
2025-09-15 02:00,0.7675700720593672
2025-09-15 03:00,0.6374514652986172
2025-09-15 04:00,0.6246164376733394
2025-09-15 05:00,1.2651107623711801
2025-09-15 06:00,1.1133315781638435
2025-09-15 07:00,0.7872306425914218
2025-09-15 08:00,0.4970082496444497
2025-09-15 09:00,0.43245183645969876
2025-09-15 10:00,0.7399701613708394
2025-09-15 11:00,0.2899272468519515
2025-09-15 12:00,0.17094776867039735
2025-09-15 13:00,0.13973608947628516
2025-09-15 14:00,0.2203200720207179
2025-09-15 15:00,0.3056962591048755
2025-09-15 16:00,0.339107659605848
2025-09-15 17:00,0.5697440997462259
2025-09-15 18:00,0.6746873190654938
2025-09-15 19:00,1.1932704580176559
2025-09-15 20:00,0.7703515630488528
2025-09-15 21:00,0.7668423641701023
2025-09-15 22:00,0.5970384902075031
2025-09-15 23:00,0.49742188176507107
2025-09-16 00:00,0.891359076041572
2025-09-16 01:00,1.4068392255986115
2025-09-16 02:00,1.5793265791989108
2025-09-16 03:00,1.792648081528427
2025-09-16 04:00,1.9708663298728641
2025-09-16 05:00,1.979280829352179
2025-09-16 06:00,1.5165401570155
2025-09-16 07:00,1.9725171513369126
2025-09-16 08:00,1.660607209191788
2025-09-16 09:00,1.8882062739966448
2025-09-16 10:00,1.9694688544044268
2025-09-16 11:00,3.5030336130777826
2025-09-16 12:00,5.602884895653438
2025-09-16 13:00,6.963026794082998
2025-09-16 14:00,6.501778221422475
2025-09-16 15:00,7.28077609994925
2025-09-16 16:00,11.200011193700641
2025-09-16 17:00,11.87991699914538
2025-09-16 18:00,14.730387497343703
2025-09-16 19:00,14.078381323014789
2025-09-16 20:00,18.537263549470598
2025-09-16 21:00,14.044494947812327
2025-09-16 22:00,12.258312012027243
2025-09-16 23:00,17.89291119007373
2025-09-17 00:00,37.91217016071157
2025-09-17 01:00,36.82664285764747
2025-09-17 02:00,33.71859470489609
2025-09-17 03:00,30.740118008305544
2025-09-17 04:00,31.975723018165528
2025-09-17 05:00,29.688096852147908
2025-09-17 06:00,23.205543586608187
2025-09-17 07:00,26.67195750670922
2025-09-17 08:00,31.991939792934446
2025-09-17 09:00,31.307678558724277
2025-09-17 10:00,27.258705940017357
2025-09-17 11:00,30.517243994644364
2025-09-17 12:00,28.950599347238516
2025-09-17 13:00,17.427239980287574
2025-09-17 14:00,18.368331234849798
2025-09-17 15:00,22.132925538913437
2025-09-17 16:00,19.202750039419765
2025-09-17 17:00,22.053020078685215
2025-09-17 18:00,22.81940791538998
2025-09-17 19:00,31.04157756922278
2025-09-17 20:00,28.232448566392176
2025-09-17 21:00,25.87766164139543
2025-09-17 22:00,17.341863340398866
2025-09-17 23:00,18.528254661297726
2025-09-18 00:00,12.973763340395614
2025-09-18 01:00,10.338315212347824
2025-09-18 02:00,14.193069432496237
2025-09-18 03:00,14.65592457984674
2025-09-18 04:00,18.567505452488792
2025-09-18 05:00,15.850278065519005
2025-09-18 06:00,20.380303002362766
2025-09-18 07:00,13.483764970252828
2025-09-18 08:00,10.375588977921371
2025-09-18 09:00,8.757835213372674
2025-09-18 10:00,4.550506261814776
2025-09-18 11:00,3.0779132315278295
2025-09-18 12:00,3.09346224394603
2025-09-18 13:00,3.337800953029845
2025-09-18 14:00,2.216409349218032
2025-09-18 15:00,2.275104669487398
2025-09-18 16:00,1.917890917029556
2025-09-18 17:00,1.9747332415928827
2025-09-18 18:00,2.156683488402151
2025-09-18 19:00,1.6284462357088316
2025-09-18 20:00,1.5734711601550824
2025-09-18 21:00,1.236551687940708
2025-09-18 22:00,1.0658466011956025
2025-09-18 23:00,1.5899493981507447
2025-09-19 00:00,2.3783226023045234
2025-09-19 01:00,2.3406202686502975
2025-09-19 02:00,2.3740172972410645
2025-09-19 03:00,2.4137610204894866
2025-09-19 04:00,2.9980454571304582
2025-09-19 05:00,2.4381924763057485
2025-09-19 06:00,1.621115242378776
2025-09-19 07:00,2.310292396546208
2025-09-19 08:00,1.7936319947690125
2025-09-19 09:00,1.152241371586738
2025-09-19 10:00,1.268631139981151
2025-09-19 11:00,1.2996902561317483
2025-09-19 12:00,1.0736969963282417
2025-09-19 13:00,2.4787504023328415
2025-09-19 14:00,1.6422148658507156
2025-09-19 15:00,2.214294234025148
2025-09-19 16:00,3.279974234638588
2025-09-19 17:00,3.3686107782610986
2025-09-19 18:00,4.834863281758006
2025-09-19 19:00,4.719002609507148
2025-09-19 20:00,4.653726140457306
2025-09-19 21:00,3.5620496967366693
2025-09-19 22:00,6.542515366285874
2025-09-19 23:00,4.881154895688443
2025-09-20 00:00,42.59399886537106
2025-09-20 01:00,46.98780470465739
2025-09-20 02:00,49.60373962754938
2025-09-20 03:00,47.253211122634525
2025-09-20 04:00,45.87671134587751
2025-09-20 05:00,44.333800799316975
2025-09-20 06:00,26.575674251109895
2025-09-20 07:00,21.091042807470146
2025-09-20 08:00,23.27238833108308
2025-09-20 09:00,25.21519151131486
2025-09-20 10:00,28.61354340857774
2025-09-20 11:00,28.070744889437567
2025-09-20 12:00,22.277984473853074
2025-09-20 13:00,26.266186239065703
2025-09-20 14:00,26.697697707289482
2025-09-20 15:00,30.037159940947408
2025-09-20 16:00,43.10604899074864
2025-09-20 17:00,41.87174337161174
2025-09-20 18:00,43.13389950550712
2025-09-20 19:00,36.87622744271806
2025-09-20 20:00,32.73515069020458
2025-09-20 21:00,27.725180411451127
2025-09-20 22:00,22.282334595312186
2025-09-20 23:00,19.86182257297238
2025-09-21 00:00,12.221066020863784
2025-09-21 01:00,9.977700370787481
2025-09-21 02:00,10.06317218781922
2025-09-21 03:00,9.167265190070726
2025-09-21 04:00,10.434562048486626
2025-09-21 05:00,9.761745094296586
2025-09-21 06:00,8.271801773634472
2025-09-21 07:00,9.163653235932841
2025-09-21 08:00,10.772757421584721
2025-09-21 09:00,11.403072086836302
2025-09-21 10:00,10.244690641051594
2025-09-21 11:00,8.507765731724497
2025-09-21 12:00,10.433852339186583
2025-09-21 13:00,8.480589387923233
2025-09-21 14:00,13.08094710582727
2025-09-21 15:00,16.02995168282767
2025-09-21 16:00,19.35575028381733
2025-09-21 17:00,19.061340291516913
2025-09-21 18:00,19.71322505761137
2025-09-21 19:00,18.476706738978567
2025-09-21 20:00,16.477921252119366
2025-09-21 21:00,13.55397754476688
2025-09-21 22:00,8.996377050654852
2025-09-21 23:00,8.267665198920723
2025-09-22 00:00,5.078219282480218
2025-09-22 01:00,3.3881748678175367
2025-09-22 02:00,4.3038503077805785
2025-09-22 03:00,4.728717064163277
2025-09-22 04:00,4.935045660406358
2025-09-22 05:00,4.310312339153571
2025-09-22 06:00,3.526953061751163
2025-09-22 07:00,3.7163743003841607
2025-09-22 08:00,4.499965699386888
2025-09-22 09:00,2.569580494119672
2025-09-22 10:00,1.3556413226761712
2025-09-22 11:00,1.5770174737431315
2025-09-22 12:00,1.0672406289638208
2025-09-22 13:00,1.7844860938694072
2025-09-22 14:00,0.7749546590771147
2025-09-22 15:00,2.1339536545375797
2025-09-22 16:00,4.010718430498463
2025-09-22 17:00,6.401146564710359
2025-09-22 18:00,3.696268107388072
2025-09-22 19:00,5.40813702166262
2025-09-22 20:00,7.307988385457553
2025-09-22 21:00,4.5539301927775035
2025-09-22 22:00,3.1109846871809084
2025-09-22 23:00,3.2071438087292115
2025-09-23 00:00,3.959287796199183
2025-09-23 01:00,3.887021643027306
2025-09-23 02:00,5.264954695123755
2025-09-23 03:00,5.524466354346133
2025-09-23 04:00,5.696179797443225
2025-09-23 05:00,5.28977507181609
2025-09-23 06:00,3.964942472836074
2025-09-23 07:00,4.33552841043149
2025-09-23 08:00,5.202582564106137
2025-09-23 09:00,5.644440356303859
2025-09-23 10:00,4.3596120940652066
2025-09-23 11:00,2.837100391306862
2025-09-23 12:00,2.3706216517620353
2025-09-23 13:00,2.502010911716998
2025-09-23 14:00,3.906793630094822
2025-09-23 15:00,4.815771982499462
2025-09-23 16:00,4.5788747193097254
2025-09-23 17:00,5.898818086797135
2025-09-23 18:00,5.221646188344823
2025-09-23 19:00,5.486602644242144
2025-09-23 20:00,6.648259544050427
2025-09-23 21:00,6.270003443023894
2025-09-23 22:00,6.7224097601921615
2025-09-23 23:00,9.302706797667135
2025-09-24 00:00,5.324561054104274
2025-09-24 01:00,5.399304619739322
2025-09-24 02:00,7.8829402582691
2025-09-24 03:00,8.008522591151744
2025-09-24 04:00,7.199276002283158
2025-09-24 05:00,7.273202851559393
2025-09-24 06:00,6.879425946783373
2025-09-24 07:00,7.696986283486323
2025-09-24 08:00,8.956241022093263
2025-09-24 09:00,9.585050342299535
2025-09-24 10:00,11.463677341555552
2025-09-24 11:00,19.02104091405421
2025-09-24 12:00,22.104020156269144
2025-09-24 13:00,22.349830521171317
2025-09-24 14:00,19.87824451104298
2025-09-24 15:00,20.551747941650653
2025-09-24 16:00,23.499696494784043
2025-09-24 17:00,22.438160900872674
2025-09-24 18:00,17.754228405176594
2025-09-24 19:00,14.742354796200935
2025-09-24 20:00,18.597191591058643
2025-09-24 21:00,18.05552465916025
2025-09-24 22:00,8.425820604270235
2025-09-24 23:00,8.621624488034998
2025-09-25 00:00,2.852281075021697
2025-09-25 01:00,0.8958301447513203
2025-09-25 02:00,2.0248719941243656
2025-09-25 03:00,3.0995444465941633
2025-09-25 04:00,2.9233043889407893
2025-09-25 05:00,3.264087280087238
2025-09-25 06:00,5.796532724703298
2025-09-25 07:00,12.035186717137899
2025-09-25 08:00,11.263471718592033
2025-09-25 09:00,10.686120355455113
2025-09-25 10:00,6.081851598845905
2025-09-25 11:00,1.2833495238598287
2025-09-25 12:00,2.116989120284813
2025-09-25 13:00,1.1450283614759966
2025-09-25 14:00,1.5311188035839272
2025-09-25 15:00,0.7593320628632108
2025-09-25 16:00,0.9066873823589803
2025-09-25 17:00,1.629465336459762
2025-09-25 18:00,2.4748034140473782
2025-09-25 19:00,2.468261717298793
2025-09-25 20:00,2.251986539513023
2025-09-25 21:00,3.0249423730907585
2025-09-25 22:00,3.969757904404725
2025-09-25 23:00,2.097998786269221
2025-09-26 00:00,5.019476395788117
2025-09-26 01:00,3.1178588499589455
2025-09-26 02:00,5.010433597180036
2025-09-26 03:00,10.023557329236304
2025-09-26 04:00,8.101659332214751
2025-09-26 05:00,5.925580492859037
2025-09-26 06:00,8.989774878196954
2025-09-26 07:00,8.663967912321626
2025-09-26 08:00,6.9162237126684705
2025-09-26 09:00,7.562615649975511
2025-09-26 10:00,5.5470568588356635
2025-09-26 11:00,5.271053159496013
2025-09-26 12:00,2.85326723479878
2025-09-26 13:00,4.374051067556085
2025-09-26 14:00,7.135094606939751
2025-09-26 15:00,7.4158223663754885
2025-09-26 16:00,9.027476933199296
2025-09-26 17:00,9.12898455029905
2025-09-26 18:00,9.570571044338813
2025-09-26 19:00,9.63329840786545
2025-09-26 20:00,9.948256705784246
2025-09-26 21:00,7.334449509291483
2025-09-26 22:00,5.308796195162733
2025-09-26 23:00,5.879765101856108
2025-09-27 00:00,3.0905244962125096
2025-09-27 01:00,2.2682502753335685
2025-09-27 02:00,2.5983005041459104
2025-09-27 03:00,4.0618022678771375
2025-09-27 04:00,2.3249165884307184
2025-09-27 05:00,1.1461517868682436
2025-09-27 06:00,1.1494787566586657
2025-09-27 07:00,1.2637203039536882
2025-09-27 08:00,2.0969507127441593
2025-09-27 09:00,1.0826824984141066
2025-09-27 10:00,0.23479870574778489
2025-09-27 11:00,0.5062796227413752
2025-09-27 12:00,0.185386648647063
2025-09-27 13:00,0.5546389077744952
2025-09-27 14:00,2.9254710492925344
2025-09-27 15:00,3.8833745549820167
2025-09-27 16:00,6.505011100212769
2025-09-27 17:00,4.936680448482148
2025-09-27 18:00,3.6329325804816213
2025-09-27 19:00,2.031917329532625
2025-09-27 20:00,2.1200492092255923
2025-09-27 21:00,1.1314309276900143
2025-09-27 22:00,1.3099867219913799
2025-09-27 23:00,1.67772544120437
2025-09-28 00:00,1.9709360763582375
2025-09-28 01:00,2.3449024024217926
2025-09-28 02:00,3.2607404521744687
2025-09-28 03:00,4.157900457452914
2025-09-28 04:00,5.473085369494677
2025-09-28 05:00,12.146192578053697
2025-09-28 06:00,13.83950256273039
2025-09-28 07:00,8.250763704157336
2025-09-28 08:00,13.785164097405914
2025-09-28 09:00,17.751068198874474
2025-09-28 10:00,19.18687054630743
2025-09-28 11:00,21.22164337026742
2025-09-28 12:00,23.274116577322523
2025-09-28 13:00,17.055935176704672
2025-09-28 14:00,24.081818801742223
2025-09-28 15:00,17.839569438268924
2025-09-28 16:00,8.735244096342337
2025-09-28 17:00,10.557075745203214
2025-09-28 18:00,12.570767040436344
2025-09-28 19:00,10.580915667910455
2025-09-28 20:00,12.719900439371909
2025-09-28 21:00,18.08037383189737
2025-09-28 22:00,18.229469207622465
2025-09-28 23:00,11.129914664534633
2025-09-29 00:00,7.268713606484599
2025-09-29 01:00,8.49347696522886
2025-09-29 02:00,8.892403962395973
2025-09-29 03:00,11.487127955220803
2025-09-29 04:00,14.76721876770284
2025-09-29 05:00,11.584443222779989
2025-09-29 06:00,9.561421941795711
2025-09-29 07:00,9.478886501545823
2025-09-29 08:00,6.225638547063458
2025-09-29 09:00,6.048686550899782
2025-09-29 10:00,4.485638074842589
2025-09-29 11:00,3.4319101308101145
2025-09-29 12:00,1.7963174809932931
2025-09-29 13:00,1.8818440850645577
2025-09-29 14:00,2.315724606745951
2025-09-29 15:00,2.7038961360944596
2025-09-29 16:00,3.756628732294513
2025-09-29 17:00,4.849351247610533
2025-09-29 18:00,3.232489179762193
2025-09-29 19:00,4.126644160685006
2025-09-29 20:00,4.0262662010009365
2025-09-29 21:00,2.450879371740146
2025-09-29 22:00,1.3870712200340165
2025-09-29 23:00,2.2544240746895987
2025-09-30 00:00,0.623265750408164
2025-09-30 01:00,0.4207529335795964
2025-09-30 02:00,1.1215115974054932
2025-09-30 03:00,0.8696151399079942
2025-09-30 04:00,0.7685396716670858
2025-09-30 05:00,0.8006648587579765
2025-09-30 06:00,0.5768152150445498
2025-09-30 07:00,0.4711734220695747
2025-09-30 08:00,0.30831917008944204
2025-09-30 09:00,0.10873679944168783
2025-09-30 10:00,0.28336224612928285
2025-09-30 11:00,0.6930632804751096
2025-09-30 12:00,0.7782269792431761
2025-09-30 13:00,0.9386201554903351
2025-09-30 14:00,2.2560421743528853
2025-09-30 15:00,3.1277044213283407
2025-09-30 16:00,3.5447733141105515
2025-09-30 17:00,4.1337274743000165
2025-09-30 18:00,3.8714067793130873
2025-09-30 19:00,3.460362032290548
2025-09-30 20:00,4.628733037788603
2025-09-30 21:00,4.599008566397382
2025-09-30 22:00,3.4382336814348538
2025-09-30 23:00,2.5225203118822765
2025-10-01 00:00,1.2854347971981734
2025-10-01 01:00,0.8876388822502231
2025-10-01 02:00,1.0983806488162307
2025-10-01 03:00,1.0026610188562457
2025-10-01 04:00,2.1156435218653744
2025-10-01 05:00,1.6431614019437515
2025-10-01 06:00,0.9079989008805746
2025-10-01 07:00,0.6885459881218927
2025-10-01 08:00,0.527786602630631
2025-10-01 09:00,0.6343963551046476
2025-10-01 10:00,0.5851660685717115
2025-10-01 11:00,0.31039015701850087
2025-10-01 12:00,0.32315051894255425
2025-10-01 13:00,0.5050731591149151
2025-10-01 14:00,1.6481876767636627
2025-10-01 15:00,2.3386350805142566
2025-10-01 16:00,3.434829336447133
2025-10-01 17:00,3.6308932698376344
2025-10-01 18:00,3.466285092339513
2025-10-01 19:00,4.506080598314685
2025-10-01 20:00,4.393236081246648
2025-10-01 21:00,1.8456949577941972
2025-10-01 22:00,0.7930883015754963
2025-10-01 23:00,0.9703615719696076
2025-10-02 00:00,1.7512085500795656
2025-10-02 01:00,0.2500498565938569
2025-10-02 02:00,0.5272572223940953
2025-10-02 03:00,0.7551109133244158
2025-10-02 04:00,0.6607360741632403
2025-10-02 05:00,0.49619926134360903
2025-10-02 06:00,0.3411123762135621
2025-10-02 07:00,0.6112252954911981
2025-10-02 08:00,0.8266481584998056
2025-10-02 09:00,0.3736075404252084
2025-10-02 10:00,0.21360982118917235
2025-10-02 11:00,0.17662218710739835
2025-10-02 12:00,0.12393652499950739
2025-10-02 13:00,0.13773665015681286
2025-10-02 14:00,0.46780659938354985
2025-10-02 15:00,0.2647746774185926
2025-10-02 16:00,0.2136131785455772
2025-10-02 17:00,0.3675531075198995
2025-10-02 18:00,0.5174899448225331
2025-10-02 19:00,0.94701061669711
2025-10-02 20:00,1.1141113109821417
2025-10-02 21:00,0.6936985289962184
2025-10-02 22:00,1.610729279395455
2025-10-02 23:00,2.5120023523193424
2025-10-03 00:00,3.256062176869472
2025-10-03 01:00,3.284429271127901
2025-10-03 02:00,13.520536205363875
2025-10-03 03:00,12.336806934642155
2025-10-03 04:00,19.395685954550864
2025-10-03 05:00,8.783025145361844
2025-10-03 06:00,11.53092220464639
2025-10-03 07:00,15.83962416619869
2025-10-03 08:00,11.989350806758534
2025-10-03 09:00,10.087964526891932
2025-10-03 10:00,11.120390437314434
2025-10-03 11:00,17.875812549302164
2025-10-03 12:00,23.17397260503775
2025-10-03 13:00,26.250891720810827
2025-10-03 14:00,27.612125494888772
2025-10-03 15:00,30.879419747432674
2025-10-03 16:00,27.159578337543877
2025-10-03 17:00,26.43642811237052
2025-10-03 18:00,26.21419766687496
2025-10-03 19:00,27.463667411294402
2025-10-03 20:00,26.8927594055247
2025-10-03 21:00,25.515442992241994
2025-10-03 22:00,25.33885581303879
2025-10-03 23:00,17.95627854868484
2025-10-04 00:00,5.990444581271008
2025-10-04 01:00,3.3191873153807263
2025-10-04 02:00,3.47871349059042
2025-10-04 03:00,3.6569741246170535
2025-10-04 04:00,3.341514882676909
2025-10-04 05:00,3.4491511573469467
2025-10-04 06:00,3.1154866642709744
2025-10-04 07:00,3.7252709813502274
2025-10-04 08:00,2.6941997861543276
2025-10-04 09:00,2.1557784682654884
2025-10-04 10:00,2.679318732123525
2025-10-04 11:00,1.0061833069030417
2025-10-04 12:00,0.6308541176876981
2025-10-04 13:00,1.5565397222793225
2025-10-04 14:00,4.086324086741959
2025-10-04 15:00,3.628123780341078
2025-10-04 16:00,4.869149638988269
2025-10-04 17:00,4.600194282485182
2025-10-04 18:00,3.092466174062388
2025-10-04 19:00,3.50963071235564
2025-10-04 20:00,3.0547668453329626
2025-10-04 21:00,4.559876096371583
2025-10-04 22:00,3.240162934385354
2025-10-04 23:00,3.298996749460243
2025-10-05 00:00,1.1764471890950507
2025-10-05 01:00,2.0458524229220956
2025-10-05 02:00,1.9648564302626403
2025-10-05 03:00,1.3823804726927313
2025-10-05 04:00,1.4868654435236313
2025-10-05 05:00,1.2695656106203175
2025-10-05 06:00,0.8806848012096562
2025-10-05 07:00,0.939902024015316
2025-10-05 08:00,0.7064989728812151
2025-10-05 09:00,0.5046006793794342
2025-10-05 10:00,0.35353632377925415
2025-10-05 11:00,0.1860677287589837
2025-10-05 12:00,0.25021747664866384
2025-10-05 13:00,0.4417158501414288
2025-10-05 14:00,1.0898122345365655
2025-10-05 15:00,1.2443138141036638
2025-10-05 16:00,2.0623872056764077
2025-10-05 17:00,2.2821486424701147
2025-10-05 18:00,1.8232736401143574
2025-10-05 19:00,1.7272535853383864
2025-10-05 20:00,1.5441835468032636
2025-10-05 21:00,2.415138318883913
2025-10-05 22:00,2.0163380164426465
2025-10-05 23:00,2.607896724208934
2025-10-06 00:00,2.191781194201746
2025-10-06 01:00,1.9124626496729475
2025-10-06 02:00,1.995349690801543
2025-10-06 03:00,2.0701556555843874
2025-10-06 04:00,3.503437824138609
2025-10-06 05:00,3.5574509267707537
2025-10-06 06:00,3.2260795427224562
2025-10-06 07:00,3.99018883545405
2025-10-06 08:00,5.036651309496066
2025-10-06 09:00,4.258148680664987
2025-10-06 10:00,2.953422670999541
2025-10-06 11:00,2.738954323607609
2025-10-06 12:00,6.262820806286776
2025-10-06 13:00,5.533837473239478
2025-10-06 14:00,4.483346690856639
2025-10-06 15:00,7.0987558308191465
2025-10-06 16:00,9.160414289887623
2025-10-06 17:00,9.396858229762373
2025-10-06 18:00,12.607592178288616
2025-10-06 19:00,9.994809326635005
2025-10-06 20:00,25.304225010920256
2025-10-06 21:00,29.489776507977997
2025-10-06 22:00,25.41031610249506
2025-10-06 23:00,16.602212634362715
2025-10-07 00:00,26.381472960518586
2025-10-07 01:00,25.79115322347043
2025-10-07 02:00,22.815762117321405
2025-10-07 03:00,23.574011751754725
2025-10-07 04:00,18.733698554591417
2025-10-07 05:00,14.836332812983215
2025-10-07 06:00,15.398217233647795
2025-10-07 07:00,10.395963687381123
2025-10-07 08:00,7.947445942289765
2025-10-07 09:00,6.109623194862464
2025-10-07 10:00,5.046405615374489
2025-10-07 11:00,3.6042658088208577
2025-10-07 12:00,6.27679926433582
2025-10-07 13:00,7.155794445763656
2025-10-07 14:00,5.466643738932223
2025-10-07 15:00,13.700561027216867
2025-10-07 16:00,6.5417076078490926
2025-10-07 17:00,5.633253231252143
2025-10-07 18:00,5.131788173505173
2025-10-07 19:00,4.6092256230788635
2025-10-07 20:00,3.754614067745175
2025-10-07 21:00,2.924395897336372
2025-10-07 22:00,2.449931815241718
2025-10-07 23:00,2.926571390907853
2025-10-08 00:00,2.9490360146720933
2025-10-08 01:00,4.369672766233517
2025-10-08 02:00,7.267787926067689
2025-10-08 03:00,9.308559204730244
2025-10-08 04:00,9.280442746053971
2025-10-08 05:00,10.843195960927531
2025-10-08 06:00,10.71325102657314
2025-10-08 07:00,12.17201773141123
2025-10-08 08:00,17.222204868033153
2025-10-08 09:00,15.41719313286648
2025-10-08 10:00,11.881580779156259
2025-10-08 11:00,11.67385760873109
2025-10-08 12:00,11.562061983211105
2025-10-08 13:00,10.258159100516249
2025-10-08 14:00,14.177595936868254
2025-10-08 15:00,18.560452007991174
2025-10-08 16:00,17.308483654011628
2025-10-08 17:00,15.792855520134424
2025-10-08 18:00,13.322459409817547
2025-10-08 19:00,12.700685174706383
2025-10-08 20:00,10.28454790788313
2025-10-08 21:00,11.448687107197134
2025-10-08 22:00,5.178879738396444
2025-10-08 23:00,6.30585387805302
2025-10-09 00:00,4.793729283545558
2025-10-09 01:00,3.5103854652849567
2025-10-09 02:00,3.8758240434565794
2025-10-09 03:00,3.3109156179310784
2025-10-09 04:00,3.6744318307603496
2025-10-09 05:00,5.000629467861548
2025-10-09 06:00,6.210074277760796
2025-10-09 07:00,6.206558528087589
2025-10-09 08:00,6.584841511145079
2025-10-09 09:00,5.534690695251948
2025-10-09 10:00,2.9263268964827485
2025-10-09 11:00,2.7454354316136866
2025-10-09 12:00,1.6800842437414603
2025-10-09 13:00,1.134638810321195
2025-10-09 14:00,2.1250524390697962
2025-10-09 15:00,2.617693956954972
2025-10-09 16:00,3.5687998137548593
2025-10-09 17:00,6.20013813635769
2025-10-09 18:00,4.515151440201546
2025-10-09 19:00,5.828615181089651
2025-10-09 20:00,14.111114237637963
2025-10-09 21:00,9.175874139820184
2025-10-09 22:00,6.9187687294974
2025-10-09 23:00,7.417752862357352
2025-10-10 00:00,6.347906707931481
2025-10-10 01:00,4.553452000073333
2025-10-10 02:00,3.681492734456697
2025-10-10 03:00,3.9560795208636454
2025-10-10 04:00,2.607826718358721
2025-10-10 05:00,2.099290716217062
2025-10-10 06:00,1.8219038234763252
2025-10-10 07:00,1.028546237743466
2025-10-10 08:00,0.7223902893564308
2025-10-10 09:00,1.3139899363186482
2025-10-10 10:00,0.4696676879622166
2025-10-10 11:00,0.19295924781936755
2025-10-10 12:00,0.4467568439701213
2025-10-10 13:00,0.8213292653663733
2025-10-10 14:00,2.491949197585519
2025-10-10 15:00,1.2664070583470264
2025-10-10 16:00,0.8413969589085617
2025-10-10 17:00,0.9557833992750882
2025-10-10 18:00,1.1072510743777686
2025-10-10 19:00,0.588215218396046
2025-10-10 20:00,0.6142357060990836
2025-10-10 21:00,1.2724687077894072
2025-10-10 22:00,1.9509269205096502
2025-10-10 23:00,4.055610147004125
2025-10-11 00:00,12.403797586339492
2025-10-11 01:00,9.81461463668332
2025-10-11 02:00,7.553015214182565
2025-10-11 03:00,4.914583375392563
2025-10-11 04:00,3.2701793000577513
2025-10-11 05:00,3.130260609812624
2025-10-11 06:00,3.403124576273835
2025-10-11 07:00,3.098680842257047
2025-10-11 08:00,5.2206337495098465
2025-10-11 09:00,5.53203862478491
2025-10-11 10:00,5.795137339460929
2025-10-11 11:00,6.323761899273143
2025-10-11 12:00,6.425215647423862
2025-10-11 13:00,9.13249788732234
2025-10-11 14:00,8.643318781609317
2025-10-11 15:00,8.856634587271852
2025-10-11 16:00,8.527941443328325
2025-10-11 17:00,6.957010651180117
2025-10-11 18:00,5.097203056618053
2025-10-11 19:00,5.889454305160455
2025-10-11 20:00,8.516541166896051
2025-10-11 21:00,9.368390576598824
2025-10-11 22:00,11.0066671005264
2025-10-11 23:00,9.209765713776235
2025-10-12 00:00,9.285980406701151
2025-10-12 01:00,8.436293014124319
2025-10-12 02:00,10.547861721088143
2025-10-12 03:00,5.1474291046324305
2025-10-12 04:00,4.52536486304195
2025-10-12 05:00,5.054296042657379
2025-10-12 06:00,6.144057972242319
2025-10-12 07:00,4.194708385193332
2025-10-12 08:00,5.254483801895457
2025-10-12 09:00,7.037648203043206
2025-10-12 10:00,6.490565849463199
2025-10-12 11:00,4.798186021891022
2025-10-12 12:00,5.454598906121319
2025-10-12 13:00,4.494908575340118
2025-10-12 14:00,3.829417888359398
2025-10-12 15:00,4.9672028366074885
2025-10-12 16:00,4.69195254098953
2025-10-12 17:00,4.7927439398559635
2025-10-12 18:00,3.7779031671995194
2025-10-12 19:00,3.0308753921306506
2025-10-12 20:00,1.8706497759937655
2025-10-12 21:00,1.934317010150652
2025-10-12 22:00,1.452772995901388
2025-10-12 23:00,1.4995607696453526
2025-10-13 00:00,5.319430885980914
2025-10-13 01:00,5.375798956665342
2025-10-13 02:00,4.165055901600868
2025-10-13 03:00,3.4643898944993303
2025-10-13 04:00,4.404619090976656
2025-10-13 05:00,4.499892883101108
2025-10-13 06:00,4.626341847543305
2025-10-13 07:00,7.832191271094593
2025-10-13 08:00,7.383206778274987
2025-10-13 09:00,6.472417780220277
2025-10-13 10:00,10.447227849761852
2025-10-13 11:00,11.98360929228896
2025-10-13 12:00,10.999304193945449
2025-10-13 13:00,16.695494257823025
2025-10-13 14:00,20.315408882612815
2025-10-13 15:00,21.81387121841279
2025-10-13 16:00,31.543684141281176
2025-10-13 17:00,22.58969995521849
2025-10-13 18:00,15.469684830625255
2025-10-13 19:00,17.253672939493065
2025-10-13 20:00,12.960408575474592
2025-10-13 21:00,12.181798641582166
2025-10-13 22:00,15.085709148871956
2025-10-13 23:00,13.936046820784139
2025-10-14 00:00,6.5318408725267325
2025-10-14 01:00,8.10769276751006
2025-10-14 02:00,9.166649084144817
2025-10-14 03:00,11.394949362547859
2025-10-14 04:00,13.466212738691302
2025-10-14 05:00,13.570350941373839
2025-10-14 06:00,13.234909453186388
2025-10-14 07:00,14.18987624004889
2025-10-14 08:00,13.496549379945574
2025-10-14 09:00,10.688162119963671
2025-10-14 10:00,6.003694963807095
2025-10-14 11:00,3.808928988176829
2025-10-14 12:00,3.0497190310109525
2025-10-14 13:00,2.900831265570319
2025-10-14 14:00,2.6631231715490635
2025-10-14 15:00,2.5990369320184272
2025-10-14 16:00,1.4931140711911808
2025-10-14 17:00,1.9226505225203194
2025-10-14 18:00,3.295197951830201
2025-10-14 19:00,2.127081998010354
2025-10-14 20:00,1.944325828034653
2025-10-14 21:00,2.17102368225538
2025-10-14 22:00,2.0149546514469847
2025-10-14 23:00,3.0464646288348964
2025-10-15 00:00,2.440002943997783
2025-10-15 01:00,1.7489256747110895
2025-10-15 02:00,1.553967988903885
2025-10-15 03:00,2.068338264887026
2025-10-15 04:00,2.1973626802169504
2025-10-15 05:00,3.7586183835169718
2025-10-15 06:00,4.45956674064872
2025-10-15 07:00,3.8661200689673536
2025-10-15 08:00,3.7524243013446266
2025-10-15 09:00,1.811506117805616
2025-10-15 10:00,0.719773574990199
2025-10-15 11:00,0.4557025253560716
2025-10-15 12:00,0.23071459553626358
2025-10-15 13:00,0.26131167659948284
2025-10-15 14:00,0.5787644743004311
2025-10-15 15:00,0.45423959505694156
2025-10-15 16:00,1.0154200022843802
2025-10-15 17:00,1.8228180368812859
2025-10-15 18:00,6.022023208738382
2025-10-15 19:00,4.69509655080822
2025-10-15 20:00,7.105966671403557
2025-10-15 21:00,11.801089258040832
2025-10-15 22:00,11.009793433279933
2025-10-15 23:00,9.778126615307926
2025-10-16 00:00,24.671621532602266
2025-10-16 01:00,30.914855219021323
2025-10-16 02:00,30.210126147180173
2025-10-16 03:00,34.62055589037241
2025-10-16 04:00,42.657338170504495
2025-10-16 05:00,33.83332858292929
2025-10-16 06:00,26.147066620003933
2025-10-16 07:00,23.905094428536877
2025-10-16 08:00,17.61976088777716
2025-10-16 09:00,15.372995462257819
2025-10-16 10:00,14.453740127207551
2025-10-16 11:00,11.28332814340106
2025-10-16 12:00,12.756210397321148
2025-10-16 13:00,17.66741631758981
2025-10-16 14:00,24.4495871943094
2025-10-16 15:00,27.25870607279166
2025-10-16 16:00,24.87200056658459
2025-10-16 17:00,21.989479841251203
2025-10-16 18:00,19.075101862294773
2025-10-16 19:00,21.71915745240038
2025-10-16 20:00,19.900905586381477
2025-10-16 21:00,15.899361102389893
2025-10-16 22:00,15.338328156807322
2025-10-16 23:00,14.4246362957728
2025-10-17 00:00,8.213239627808393
2025-10-17 01:00,7.692960038155933
2025-10-17 02:00,3.6978204654850506
2025-10-17 03:00,3.402589303906978
2025-10-17 04:00,5.276127553162837
2025-10-17 05:00,5.984258323016149
2025-10-17 06:00,5.206800857730643
2025-10-17 07:00,5.327646048534804
2025-10-17 08:00,4.036218456388852
2025-10-17 09:00,2.491760209405867
2025-10-17 10:00,2.6341440587012928
2025-10-17 11:00,1.9086132606814816
2025-10-17 12:00,1.8430101954268048
2025-10-17 13:00,2.4872138197983173
2025-10-17 14:00,2.8005699490696148
2025-10-17 15:00,4.5189524450591225
2025-10-17 16:00,6.5738160810857105
2025-10-17 17:00,5.443064495401195
2025-10-17 18:00,5.027640806263845
2025-10-17 19:00,9.491353039752816
2025-10-17 20:00,4.738690664940648
2025-10-17 21:00,6.448700724142005
2025-10-17 22:00,16.94760411558508
2025-10-17 23:00,17.431388989310634
2025-10-18 00:00,15.415433900164107
2025-10-18 01:00,26.229061449226123
2025-10-18 02:00,30.09334958568512
2025-10-18 03:00,29.146370411474393
2025-10-18 04:00,31.88535862443581
2025-10-18 05:00,26.69895805673309
2025-10-18 06:00,30.87341039236926
2025-10-18 07:00,33.55044894394092
2025-10-18 08:00,24.469170318701174
2025-10-18 09:00,28.09055387942145
2025-10-18 10:00,32.208273500062575
2025-10-18 11:00,40.14377083291977
2025-10-18 12:00,44.80251698481816
2025-10-18 13:00,44.810804911468594
2025-10-18 14:00,44.084324775308296
2025-10-18 15:00,45.143427400868745
2025-10-18 16:00,43.42723460092128
2025-10-18 17:00,41.06081161833869
2025-10-18 18:00,37.63573857465814
2025-10-18 19:00,34.001276987660695
2025-10-18 20:00,27.42659118744117
2025-10-18 21:00,20.484144008579506
2025-10-18 22:00,19.387250744140843
2025-10-18 23:00,17.78065050740266
2025-10-19 00:00,16.244954163867128
2025-10-19 01:00,14.187853882387397
2025-10-19 02:00,13.335315571321296
2025-10-19 03:00,12.187060690321545
2025-10-19 04:00,10.000974085177335
2025-10-19 05:00,10.978748840369772
2025-10-19 06:00,11.659993688330625
2025-10-19 07:00,10.250383139400245
2025-10-19 08:00,8.987366698366019
2025-10-19 09:00,7.6696173580463185
2025-10-19 10:00,7.151375748962813
2025-10-19 11:00,6.885833179711251
2025-10-19 12:00,11.291996567635946
2025-10-19 13:00,15.489636834497505
2025-10-19 14:00,18.339538563360392
2025-10-19 15:00,23.47749087193128
2025-10-19 16:00,32.077756119935486
2025-10-19 17:00,37.79485223341715
2025-10-19 18:00,41.20235762303228
2025-10-19 19:00,46.150880054972376
2025-10-19 20:00,51.8613769829813
2025-10-19 21:00,52.440999050639846
2025-10-19 22:00,52.274415733793525
2025-10-19 23:00,51.375254978548284
2025-10-20 00:00,57.01855943261915
2025-10-20 01:00,55.75235549222005
2025-10-20 02:00,57.21518483656675
2025-10-20 03:00,56.586323842260896
2025-10-20 04:00,55.09855016091785
2025-10-20 05:00,50.900862476417316
2025-10-20 06:00,43.760493482079184
2025-10-20 07:00,39.00616888536172
2025-10-20 08:00,44.911460212371324
2025-10-20 09:00,49.99300926333595
2025-10-20 10:00,45.855255883428725
2025-10-20 11:00,44.44105759212415
2025-10-20 12:00,43.88969489153199
2025-10-20 13:00,41.87764544345151
2025-10-20 14:00,43.52523550033575
2025-10-20 15:00,45.6054541170381
2025-10-20 16:00,44.63488399001217
2025-10-20 17:00,44.764491774305185
2025-10-20 18:00,50.06758189967663
2025-10-20 19:00,50.21494117347497
2025-10-20 20:00,35.46708543773845
2025-10-20 21:00,40.363250805228944
2025-10-20 22:00,39.40333672034674
2025-10-20 23:00,35.11307302509587
2025-10-21 00:00,36.98064394783515
2025-10-21 01:00,35.54483504852669
2025-10-21 02:00,36.03032984548622
2025-10-21 03:00,35.458497516273404
2025-10-21 04:00,31.255736638619382
2025-10-21 05:00,29.921941396037848
2025-10-21 06:00,31.34432759011552
2025-10-21 07:00,29.968411278494607
2025-10-21 08:00,32.51440213637288
2025-10-21 09:00,32.694299077846786
2025-10-21 10:00,29.727983476440606
2025-10-21 11:00,30.46911598766812
2025-10-21 12:00,32.80920661801583
2025-10-21 13:00,32.51477492795978
2025-10-21 14:00,37.015497320950246
2025-10-21 15:00,40.40903331967422
2025-10-21 16:00,44.72945489470157
2025-10-21 17:00,44.39515305410275
2025-10-21 18:00,39.00320654824713
2025-10-21 19:00,41.291080760126604
2025-10-21 20:00,33.904116717784646
2025-10-21 21:00,31.881765655515856
2025-10-21 22:00,29.07951368801559
2025-10-21 23:00,28.347963168503703
2025-10-22 00:00,19.0010909678985
2025-10-22 01:00,17.533630701041602
2025-10-22 02:00,16.25635246782122
2025-10-22 03:00,15.60828648884899
2025-10-22 04:00,12.728143636518713
2025-10-22 05:00,12.378487702281568
2025-10-22 06:00,15.02211734713467
2025-10-22 07:00,11.994300476340825
2025-10-22 08:00,10.62354417427824
2025-10-22 09:00,10.827063612279924
2025-10-22 10:00,10.658849979120749
2025-10-22 11:00,10.17007780399546
2025-10-22 12:00,9.447252171175275
2025-10-22 13:00,10.492926199839081
2025-10-22 14:00,11.919109530455973
2025-10-22 15:00,13.2084765284614
2025-10-22 16:00,14.118391177392759
2025-10-22 17:00,11.649890893629415
2025-10-22 18:00,16.557617721850328
2025-10-22 19:00,19.64949131802172
2025-10-22 20:00,20.47711127129633
2025-10-22 21:00,17.132068052047238
2025-10-22 22:00,11.048414641174599
2025-10-22 23:00,5.7513584107555005
2025-10-23 00:00,4.752259182743825
2025-10-23 01:00,6.545877463581221
2025-10-23 02:00,7.5051333559376605
2025-10-23 03:00,5.69265680953508
2025-10-23 04:00,7.568952198217445
2025-10-23 05:00,7.291279762366636
2025-10-23 06:00,3.538361458506194
2025-10-23 07:00,3.581537007677988
2025-10-23 08:00,2.720731877674322
2025-10-23 09:00,1.8806747283887977
2025-10-23 10:00,1.1147418544980225
2025-10-23 11:00,0.942502275140399
2025-10-23 12:00,1.4155771959832772
2025-10-23 13:00,3.303521923553868
2025-10-23 14:00,5.595684969024292
2025-10-23 15:00,9.368691286840614
2025-10-23 16:00,11.974861685599983
2025-10-23 17:00,16.039959891669326
2025-10-23 18:00,17.864165371910843
2025-10-23 19:00,19.15787854108641
2025-10-23 20:00,23.54875800816469
2025-10-23 21:00,14.984899932692315
2025-10-23 22:00,9.240309768191537
2025-10-23 23:00,5.733806213204932
2025-10-24 00:00,10.297913428947016
2025-10-24 01:00,8.247907265839563
2025-10-24 02:00,4.6733970516641845
2025-10-24 03:00,4.83354459388309
2025-10-24 04:00,5.854805914445185
2025-10-24 05:00,6.15973036423658
2025-10-24 06:00,5.982668465162476
2025-10-24 07:00,6.98002944237453
2025-10-24 08:00,4.726596202613315
2025-10-24 09:00,4.740730882566019
2025-10-24 10:00,4.495547593966057
2025-10-24 11:00,2.591114123554571
2025-10-24 12:00,2.8842418454932526
2025-10-24 13:00,2.837429979967486
2025-10-24 14:00,3.8338433515766672
2025-10-24 15:00,9.505530459816775
2025-10-24 16:00,11.328481878185457
2025-10-24 17:00,11.145307285423954
2025-10-24 18:00,13.109912778904205
2025-10-24 19:00,10.158598859073797
2025-10-24 20:00,10.26007268537041
2025-10-24 21:00,10.788101256137507
2025-10-24 22:00,7.689084383515695
2025-10-24 23:00,6.181992529716705
2025-10-25 00:00,6.357271243407455
2025-10-25 01:00,7.062502274258929
2025-10-25 02:00,4.82848905009873
2025-10-25 03:00,6.310632390132691
2025-10-25 04:00,7.623707082533031
2025-10-25 05:00,6.788329716053811
2025-10-25 06:00,7.249223040274231
2025-10-25 07:00,8.369831012612973
2025-10-25 08:00,9.477983876950997
2025-10-25 09:00,11.037022071494778
2025-10-25 10:00,13.107628734096625
2025-10-25 11:00,11.483442539273195
2025-10-25 12:00,10.345678027544341
2025-10-25 13:00,12.991464740723679
2025-10-25 14:00,13.89786572147031
2025-10-25 15:00,16.104078313333517
2025-10-25 16:00,22.512190366912012
2025-10-25 17:00,26.97607704923813
2025-10-25 18:00,29.688267840342455
2025-10-25 19:00,30.92973796645093
2025-10-25 20:00,27.304625544048456
2025-10-25 21:00,22.299177587821568
2025-10-25 22:00,18.64511117344203
2025-10-25 23:00,17.662024513626978
2025-10-26 00:00,13.792345908785961
2025-10-26 01:00,14.362886161872526
2025-10-26 02:00,15.113128369187638
2025-10-26 03:00,15.367091248595447
2025-10-26 04:00,16.933431945607396
2025-10-26 05:00,19.745775024373536
2025-10-26 06:00,18.428802761090814
2025-10-26 07:00,15.640857637692132
2025-10-26 08:00,13.149678746930672
2025-10-26 09:00,12.076973115078665
2025-10-26 10:00,11.80563581351943
2025-10-26 11:00,14.934448023980373
2025-10-26 12:00,14.502064803055381
2025-10-26 13:00,16.148835272611084
2025-10-26 14:00,22.47418914310321
2025-10-26 15:00,26.871255860255182
2025-10-26 16:00,34.89583584275145
2025-10-26 17:00,31.547627154773252
2025-10-26 18:00,26.547377126982983
2025-10-26 19:00,26.708568962388338
2025-10-26 20:00,25.544762237676657
2025-10-26 21:00,32.51847062808275
2025-10-26 22:00,19.237059850055978
2025-10-26 23:00,22.528549692061368
2025-10-27 00:00,37.59347830769576
2025-10-27 01:00,56.609139642114584
2025-10-27 02:00,58.684254691377646
2025-10-27 03:00,58.61272600271809
2025-10-27 04:00,60.728778688343894
2025-10-27 05:00,56.51789748241825
2025-10-27 06:00,56.752321644247054
2025-10-27 07:00,55.149014786659485
2025-10-27 08:00,48.87813453975677
2025-10-27 09:00,47.61109242758866
2025-10-27 10:00,40.61582069686639
2025-10-27 11:00,26.395023361602224
2025-10-27 12:00,27.437379997703637
2025-10-27 13:00,31.63661566692313
2025-10-27 14:00,38.47232367898329
2025-10-27 15:00,41.3133541174308
2025-10-27 16:00,42.88589136055042
2025-10-27 17:00,44.990644518773536
2025-10-27 18:00,42.15357670973964
2025-10-27 19:00,39.23237022460734
2025-10-27 20:00,38.28806575087564
2025-10-27 21:00,39.88352497866081
2025-10-27 22:00,40.23598439881674
2025-10-27 23:00,33.030236994107675
2025-10-28 00:00,24.73110789063348
2025-10-28 01:00,20.512986976381026
2025-10-28 02:00,17.33773878555184
2025-10-28 03:00,24.055125971831302
2025-10-28 04:00,20.54039942026296
2025-10-28 05:00,15.561980437311611
2025-10-28 06:00,12.493841808669579
2025-10-28 07:00,11.272002222006066
2025-10-28 08:00,8.825090792339745
2025-10-28 09:00,8.252322895574418
2025-10-28 10:00,6.526459293825024
2025-10-28 11:00,6.262539499841306
2025-10-28 12:00,5.105050764626887
2025-10-28 13:00,4.557595579648814
2025-10-28 14:00,5.264706695189574
2025-10-28 15:00,5.235352772603829
2025-10-28 16:00,4.128270680525675
2025-10-28 17:00,3.2106393291063924
2025-10-28 18:00,3.07782687833423
2025-10-28 19:00,3.2999602982108796
2025-10-28 20:00,3.839509523578572
2025-10-28 21:00,2.7131493565229703
2025-10-28 22:00,2.485895172660946
2025-10-28 23:00,2.514596836947778
2025-10-29 00:00,1.659914303370832
2025-10-29 01:00,1.6293471615257726
2025-10-29 02:00,1.7950322862994748
2025-10-29 03:00,1.4478096892560464
2025-10-29 04:00,1.6846436229558392
2025-10-29 05:00,1.716466580164174
2025-10-29 06:00,1.926729509170404
2025-10-29 07:00,2.1354407566523648
2025-10-29 08:00,1.5045554824602485
2025-10-29 09:00,1.657571601886389
2025-10-29 10:00,1.1946175092109226
2025-10-29 11:00,0.6754354477358384
2025-10-29 12:00,1.5759840135494467
2025-10-29 13:00,1.517343593665291
2025-10-29 14:00,0.8879246133391565
2025-10-29 15:00,0.5568828203199934
2025-10-29 16:00,0.6774546845916297
2025-10-29 17:00,2.2939462822919165
2025-10-29 18:00,6.923645353750227
2025-10-29 19:00,5.982177841905461
2025-10-29 20:00,5.132008272106445
2025-10-29 21:00,3.0044974901388537
2025-10-29 22:00,1.2871293222494489
2025-10-29 23:00,2.68957881808048
2025-10-30 00:00,3.8198987700554072
2025-10-30 01:00,3.9928856501184447
2025-10-30 02:00,4.903726693770352
2025-10-30 03:00,4.602063691989127
2025-10-30 04:00,3.7043272557722817
2025-10-30 05:00,3.0668626225259943
2025-10-30 06:00,3.125631421590485
2025-10-30 07:00,3.521881223164356
2025-10-30 08:00,2.8520216466361408
2025-10-30 09:00,2.136771686088123
2025-10-30 10:00,1.5660716033396507
2025-10-30 11:00,0.8408834352066668
2025-10-30 12:00,0.7570481643987388
2025-10-30 13:00,0.7816472706759817
2025-10-30 14:00,0.8574428778785428
2025-10-30 15:00,0.887061900251646
2025-10-30 16:00,1.1162471586047276
2025-10-30 17:00,1.3844997632568192
2025-10-30 18:00,2.059996079109065
2025-10-30 19:00,3.415768139376101
2025-10-30 20:00,3.4883624953676633
2025-10-30 21:00,4.908276925038182
2025-10-30 22:00,2.395734346414411
2025-10-30 23:00,2.466324907926957
2025-10-31 00:00,1.887834385471845
2025-10-31 01:00,3.5308145440706546
2025-10-31 02:00,2.2790306727558516
2025-10-31 03:00,3.4193737322835247
2025-10-31 04:00,3.3750280201538514
2025-10-31 05:00,2.8304331611593283
2025-10-31 06:00,2.619011378327735
2025-10-31 07:00,2.7294402616794993
2025-10-31 08:00,1.7812395641371355
2025-10-31 09:00,1.6306449778274565
2025-10-31 10:00,0.383964675369891
2025-10-31 11:00,0.5745895511066577
2025-10-31 12:00,0.4897678042173629
2025-10-31 13:00,0.7035949332435457
2025-10-31 14:00,2.2342690083019017
2025-10-31 15:00,4.1616323350757805
2025-10-31 16:00,5.743035712606
2025-10-31 17:00,5.948876966714257
2025-10-31 18:00,3.614792164110284
2025-10-31 19:00,3.1624508137907874
2025-10-31 20:00,1.2730666014945322
2025-10-31 21:00,2.975179846253157
2025-10-31 22:00,6.324555321481868
2025-10-31 23:00,13.344263056198269
2025-11-01 00:00,12.5575074845734
2025-11-01 01:00,15.091247522238227
2025-11-01 02:00,13.234578394833777
2025-11-01 03:00,11.147601589090616
2025-11-01 04:00,21.82478735766297
2025-11-01 05:00,37.608500142697025
2025-11-01 06:00,40.91731273372561
2025-11-01 07:00,34.67033143057542
2025-11-01 08:00,38.75290168146988
2025-11-01 09:00,46.192297550574864
2025-11-01 10:00,45.15716701845098
2025-11-01 11:00,42.849338497492425
2025-11-01 12:00,39.973983649237255
2025-11-01 13:00,35.963740575516354
2025-11-01 14:00,31.138794389268053
2025-11-01 15:00,35.021415440193834
2025-11-01 16:00,37.023458834642454
2025-11-01 17:00,36.01824493105184
2025-11-01 18:00,35.92847838850254
2025-11-01 19:00,34.89455333930728
2025-11-01 20:00,36.619580872309776
2025-11-01 21:00,31.636233556327042
2025-11-01 22:00,32.69898006979092
2025-11-01 23:00,45.876427577259804
2025-11-02 00:00,46.319754714640425
2025-11-02 01:00,46.34349540488399
2025-11-02 02:00,52.646325085635524
2025-11-02 03:00,57.631387892396404
2025-11-02 04:00,53.314437905191795
2025-11-02 05:00,55.05032584785572
2025-11-02 06:00,52.61864238700512
2025-11-02 07:00,58.05873588075248
2025-11-02 08:00,59.00312600249039
2025-11-02 09:00,59.631124764900434
2025-11-02 10:00,59.93807406853676
2025-11-02 11:00,59.674702550965584
2025-11-02 12:00,60.41008729178705
2025-11-02 13:00,61.26254362208296
2025-11-02 14:00,60.263229304623685
2025-11-02 15:00,59.77583737331005
2025-11-02 16:00,60.67484973166144
2025-11-02 17:00,60.72121525597171
2025-11-02 18:00,61.77613272808642
2025-11-02 19:00,61.172896753516184
2025-11-02 20:00,60.26306148243994
2025-11-02 21:00,57.210926199009066
2025-11-02 22:00,58.27755659045627
2025-11-02 23:00,52.928738587156026
2025-11-03 00:00,44.111059043796445
2025-11-03 01:00,42.705806333943386
2025-11-03 02:00,37.67086542566754
2025-11-03 03:00,32.44664551164299
2025-11-03 04:00,29.62606396569237
2025-11-03 05:00,22.422994024078154
2025-11-03 06:00,15.928038692296003
2025-11-03 07:00,10.666279281668537
2025-11-03 08:00,8.568501638378747
2025-11-03 09:00,9.960726180545684
2025-11-03 10:00,8.166950224066516
2025-11-03 11:00,7.706452980096103
2025-11-03 12:00,6.558853402157503
2025-11-03 13:00,5.7211812916900335
2025-11-03 14:00,5.212506342123575
2025-11-03 15:00,5.742937868106361
2025-11-03 16:00,5.521164789349633
2025-11-03 17:00,7.709826901310876
2025-11-03 18:00,7.114243308738054
2025-11-03 19:00,6.536251638601317
2025-11-03 20:00,5.083165769342366
2025-11-03 21:00,4.554085685519345
2025-11-03 22:00,3.8494122510056137
2025-11-03 23:00,3.6607908140667593
2025-11-04 00:00,1.8968799025112786
2025-11-04 01:00,0.7868504124707959
2025-11-04 02:00,1.3713693597987393
2025-11-04 03:00,1.5784693844127873
2025-11-04 04:00,2.5161698438846165
2025-11-04 05:00,2.3579484609198498
2025-11-04 06:00,2.8308734059410794
2025-11-04 07:00,2.562915685657435
2025-11-04 08:00,1.6714265562195416
2025-11-04 09:00,1.4585968734724735
2025-11-04 10:00,1.0622375135477289
2025-11-04 11:00,0.8153247315220016
2025-11-04 12:00,0.5911267584266371
2025-11-04 13:00,1.0477041471865918
2025-11-04 14:00,2.6581328843065144
2025-11-04 15:00,3.5648968712332616
2025-11-04 16:00,4.272775402777016
2025-11-04 17:00,3.959997886430584
2025-11-04 18:00,8.677733239450449
2025-11-04 19:00,10.431141836222128
2025-11-04 20:00,7.745807134823071
2025-11-04 21:00,5.830444594368028
2025-11-04 22:00,3.8071025638252145
2025-11-04 23:00,4.603249276203075
2025-11-05 00:00,3.3528553194369066
2025-11-05 01:00,3.9565292223816773
2025-11-05 02:00,3.494415622346033
2025-11-05 03:00,4.008536171575077
2025-11-05 04:00,4.065168194606031
2025-11-05 05:00,3.7831867283350973
2025-11-05 06:00,4.007344789695683
2025-11-05 07:00,3.0991877971706905
2025-11-05 08:00,3.073834007555587
2025-11-05 09:00,3.465826785327522
2025-11-05 10:00,2.9764556734979206
2025-11-05 11:00,1.470950652451158
2025-11-05 12:00,3.0915646338012728
2025-11-05 13:00,2.767363705628144
2025-11-05 14:00,3.8440464521376865
2025-11-05 15:00,5.890218038303175
2025-11-05 16:00,8.125424769842812
2025-11-05 17:00,8.977560124176271
2025-11-05 18:00,9.600961243812645
2025-11-05 19:00,7.325454895482789
2025-11-05 20:00,7.604905974103238
2025-11-05 21:00,5.650187101780761
2025-11-05 22:00,2.9274254575657626
2025-11-05 23:00,3.7556458239133566
2025-11-06 00:00,3.825129910468199
2025-11-06 01:00,3.6801823265694824
2025-11-06 02:00,3.1700094633772653
2025-11-06 03:00,3.2286162342556195
2025-11-06 04:00,4.732092054481826
2025-11-06 05:00,4.490492506394851
2025-11-06 06:00,4.605754532346877
2025-11-06 07:00,4.6469781612178975
2025-11-06 08:00,3.2527677206031935
2025-11-06 09:00,3.7237458602273046
2025-11-06 10:00,3.53872283354975
2025-11-06 11:00,4.102838255725905
2025-11-06 12:00,9.445367143515858
2025-11-06 13:00,10.770594717078337
2025-11-06 14:00,11.572144276068048
2025-11-06 15:00,11.9039513827701
2025-11-06 16:00,12.716295237521239
2025-11-06 17:00,13.673692939926106
2025-11-06 18:00,14.585129928361205
2025-11-06 19:00,11.548561204170845
2025-11-06 20:00,6.296151016791779
2025-11-06 21:00,5.089703659115141
2025-11-06 22:00,2.6731434231923865
2025-11-06 23:00,4.111876747283388
2025-11-07 00:00,2.0038332457413386
2025-11-07 01:00,2.0208437622934925
2025-11-07 02:00,1.7353274563485999
2025-11-07 03:00,1.730887652377403
2025-11-07 04:00,2.559034775016141
2025-11-07 05:00,1.520610894087178
2025-11-07 06:00,1.3997023803653221
2025-11-07 07:00,1.7927614782121806
2025-11-07 08:00,1.330623936359743
2025-11-07 09:00,1.2182841251138719
2025-11-07 10:00,0.7444560573275021
2025-11-07 11:00,0.8426402074470045
2025-11-07 12:00,0.8593742207218895
2025-11-07 13:00,1.1703269784975112
2025-11-07 14:00,2.5154308131051692
2025-11-07 15:00,1.9658521754014617
2025-11-07 16:00,2.133807470106427
2025-11-07 17:00,1.9229020368303291
2025-11-07 18:00,3.8427047651273813
2025-11-07 19:00,2.604878992565725
2025-11-07 20:00,2.250413264481006
2025-11-07 21:00,1.4478826536403495
2025-11-07 22:00,1.6428187331753221
2025-11-07 23:00,3.917633201560818
2025-11-08 00:00,1.3919298916089775
2025-11-08 01:00,2.9200128117096
2025-11-08 02:00,3.2778020072361884
2025-11-08 03:00,3.5294673481114733
2025-11-08 04:00,4.354696495219451
2025-11-08 05:00,3.0951033929079728
2025-11-08 06:00,1.7790359291040156
2025-11-08 07:00,2.4578675296259656
2025-11-08 08:00,3.1121534126093984
2025-11-08 09:00,3.506602007933551
2025-11-08 10:00,1.5311083537400147
2025-11-08 11:00,0.7482992293958672
2025-11-08 12:00,2.715947638173486
2025-11-08 13:00,1.8071123567706038
2025-11-08 14:00,1.6232118034739185
2025-11-08 15:00,1.2356934967655397
2025-11-08 16:00,1.3405938627342036
2025-11-08 17:00,2.613030259458294
2025-11-08 18:00,1.9735000153631481
2025-11-08 19:00,2.503418350074668
2025-11-08 20:00,3.016980257383898
2025-11-08 21:00,3.724181681403193
2025-11-08 22:00,5.73714455619107
2025-11-08 23:00,12.413710104527302
2025-11-09 00:00,8.012065963203298
2025-11-09 01:00,7.171778392069209
2025-11-09 02:00,8.788269180726443
2025-11-09 03:00,8.671501890744722
2025-11-09 04:00,6.697456388576645
2025-11-09 05:00,10.151672311352804
2025-11-09 06:00,11.182052869960637
2025-11-09 07:00,12.736746306434302
2025-11-09 08:00,12.578088853707259
2025-11-09 09:00,13.334626360153868
2025-11-09 10:00,19.367026236168073
2025-11-09 11:00,25.275978339935115
2025-11-09 12:00,24.932648172016243
2025-11-09 13:00,26.887957109276286
2025-11-09 14:00,22.34937951863228
2025-11-09 15:00,24.987014765527242
2025-11-09 16:00,21.841414962984864
2025-11-09 17:00,22.3478380673953
2025-11-09 18:00,20.982320920605083
2025-11-09 19:00,31.973181027000315
2025-11-09 20:00,47.145944772306706
2025-11-09 21:00,49.033492724686184
2025-11-09 22:00,50.00007470242194
2025-11-09 23:00,48.07358061260114
2025-11-10 00:00,56.81893190703178
2025-11-10 01:00,57.754534767735876
2025-11-10 02:00,58.749468008671556
2025-11-10 03:00,58.38540628720229
2025-11-10 04:00,57.384515026677256
2025-11-10 05:00,45.251270777081125
2025-11-10 06:00,43.582767057682744
2025-11-10 07:00,48.014012982662585
2025-11-10 08:00,52.133010820854366
2025-11-10 09:00,57.70195652573615
2025-11-10 10:00,56.39275544550243
2025-11-10 11:00,53.5633152816831
2025-11-10 12:00,48.794986870897006
2025-11-10 13:00,46.86027841339492
2025-11-10 14:00,46.50782406060566
2025-11-10 15:00,45.50349932159612
2025-11-10 16:00,42.931117813910205
2025-11-10 17:00,39.43682571496255
2025-11-10 18:00,34.40910831357968
2025-11-10 19:00,29.93348148825341
2025-11-10 20:00,26.557753230292548
2025-11-10 21:00,22.519912633925777
2025-11-10 22:00,22.705398673286354
2025-11-10 23:00,21.606402889754754
2025-11-11 00:00,8.055488710334584
2025-11-11 01:00,8.735041785772545
2025-11-11 02:00,10.524721002252582
2025-11-11 03:00,9.659817049780752
2025-11-11 04:00,7.8127325517114095
2025-11-11 05:00,7.454537747283542
2025-11-11 06:00,6.334763108218707
2025-11-11 07:00,4.012785652231893
2025-11-11 08:00,3.2481905191530873
2025-11-11 09:00,2.6536176683784958
2025-11-11 10:00,1.985090544771677
2025-11-11 11:00,1.6639576440768145
2025-11-11 12:00,1.622848981232845
2025-11-11 13:00,2.41835247225583
2025-11-11 14:00,2.4565963485183144
2025-11-11 15:00,4.208081252158165
2025-11-11 16:00,6.677904347242963
2025-11-11 17:00,3.4694696312439586
2025-11-11 18:00,3.411508567523354
2025-11-11 19:00,3.0123253923758693
2025-11-11 20:00,2.2975067883085623
2025-11-11 21:00,3.4721469500695687
2025-11-11 22:00,4.118879672776495
2025-11-11 23:00,2.666162264157388
2025-11-12 00:00,2.7099583533244096
2025-11-12 01:00,3.696042913872898
2025-11-12 02:00,3.3963073220309647
2025-11-12 03:00,4.3950561718263215
2025-11-12 04:00,3.7054320815269155
2025-11-12 05:00,3.8288501520670355
2025-11-12 06:00,3.8728528752403877
2025-11-12 07:00,3.671712221868738
2025-11-12 08:00,3.3572973838926385
2025-11-12 09:00,2.8599260516784137
2025-11-12 10:00,2.06304961760231
2025-11-12 11:00,1.5857426744333545
2025-11-12 12:00,1.4473050152354496
2025-11-12 13:00,1.5096017574255516
2025-11-12 14:00,1.8543435717226395
2025-11-12 15:00,3.214844358556988
2025-11-12 16:00,4.138282754509149
2025-11-12 17:00,5.793817529993975
2025-11-12 18:00,7.8052146371618205
2025-11-12 19:00,7.231866404693513
2025-11-12 20:00,5.209818962243493
2025-11-12 21:00,4.4381819843374455
2025-11-12 22:00,3.5210927224224178
2025-11-12 23:00,3.0260377939303726
2025-11-13 00:00,7.6738158071677685
2025-11-13 01:00,4.923137617128368
2025-11-13 02:00,3.09571481076877
2025-11-13 03:00,2.7031533581927523
2025-11-13 04:00,2.7191004888901755
2025-11-13 05:00,2.508094691638533
2025-11-13 06:00,2.784979994766326
2025-11-13 07:00,2.4857701168495363
2025-11-13 08:00,2.2657576234121075
2025-11-13 09:00,2.2132623806039384
2025-11-13 10:00,2.3164631410007543
2025-11-13 11:00,1.7570835625333834
2025-11-13 12:00,1.7088470892837178
2025-11-13 13:00,3.3083224092926065
2025-11-13 14:00,7.420005713612449
2025-11-13 15:00,11.75448964604627
2025-11-13 16:00,15.32524553006961
2025-11-13 17:00,21.020634262478886
2025-11-13 18:00,22.653167939294253
2025-11-13 19:00,22.248593890501503
2025-11-13 20:00,20.981997813415692
2025-11-13 21:00,22.019961857926724
2025-11-13 22:00,19.792460805796722
2025-11-13 23:00,17.378745784947373
2025-11-14 00:00,14.92757292693865
2025-11-14 01:00,18.530663096003998
2025-11-14 02:00,19.48342654580517
2025-11-14 03:00,18.09297783375264
2025-11-14 04:00,18.345273866656285
2025-11-14 05:00,17.06310804122193
2025-11-14 06:00,13.213039386311952
2025-11-14 07:00,10.090587670284156
2025-11-14 08:00,10.85392839397324
2025-11-14 09:00,10.057918411811176
2025-11-14 10:00,10.672246962051457
2025-11-14 11:00,16.466162632102417
2025-11-14 12:00,17.415446071479803
2025-11-14 13:00,17.201817709081396
2025-11-14 14:00,16.695693327829026
2025-11-14 15:00,18.16234645887689
2025-11-14 16:00,18.23302922035447
2025-11-14 17:00,17.219037301182013
2025-11-14 18:00,18.497305180073297
2025-11-14 19:00,20.26831125174882
2025-11-14 20:00,19.517286998386343
2025-11-14 21:00,15.51082313038456
2025-11-14 22:00,13.92639859448081
2025-11-14 23:00,11.568000821750774
2025-11-15 00:00,2.741662683407613
2025-11-15 01:00,1.808015529052512
2025-11-15 02:00,2.066729311878977
2025-11-15 03:00,2.2173633730721702
2025-11-15 04:00,1.9973280738945869
2025-11-15 05:00,2.373551100517658
2025-11-15 06:00,2.5107972415674293
2025-11-15 07:00,2.9576311898710905
2025-11-15 08:00,1.8926773791368685
2025-11-15 09:00,1.7274572633536185
2025-11-15 10:00,1.5623425165436031
2025-11-15 11:00,1.3077267922260787
2025-11-15 12:00,1.3310782038675988
2025-11-15 13:00,1.8970038762911043
2025-11-15 14:00,1.4216337397337302
2025-11-15 15:00,1.561136260862891
2025-11-15 16:00,2.852543206462988
2025-11-15 17:00,2.4079940979784062
2025-11-15 18:00,2.249120397998573
2025-11-15 19:00,2.355100575677754
2025-11-15 20:00,2.0204212849105914
2025-11-15 21:00,1.227691920171544
2025-11-15 22:00,1.3885178205857742
2025-11-15 23:00,1.4825450525404822
2025-11-16 00:00,2.1705293968539308
2025-11-16 01:00,2.251187217591308
2025-11-16 02:00,3.0920540293660714
2025-11-16 03:00,2.838389526319071
2025-11-16 04:00,3.1157774513780616
2025-11-16 05:00,2.476412395831767
2025-11-16 06:00,2.7635989706176067
2025-11-16 07:00,2.465700668528272
2025-11-16 08:00,2.0472241701188167
2025-11-16 09:00,2.132832214097802
2025-11-16 10:00,2.5444411137050458
2025-11-16 11:00,3.914929887847056
2025-11-16 12:00,4.248201524338141
2025-11-16 13:00,4.182520848353487
2025-11-16 14:00,3.761234666603694
2025-11-16 15:00,4.515905189459096
2025-11-16 16:00,4.607575570031972
2025-11-16 17:00,4.230441315923144
2025-11-16 18:00,3.6535102882428827
2025-11-16 19:00,5.194217754118236
2025-11-16 20:00,8.552443972721147
2025-11-16 21:00,13.509742989885543
2025-11-16 22:00,14.34062218539017
2025-11-16 23:00,11.871802082695533
2025-11-17 00:00,32.8055571158925
2025-11-17 01:00,55.13116808550829
2025-11-17 02:00,57.264908889892844
2025-11-17 03:00,55.48630358904252
2025-11-17 04:00,53.393332715963815
2025-11-17 05:00,55.95563180625352
2025-11-17 06:00,55.43434776046588
2025-11-17 07:00,52.17860353519626
2025-11-17 08:00,53.39900604582098
2025-11-17 09:00,56.116393799761234
2025-11-17 10:00,53.08864016995874
2025-11-17 11:00,52.968265720181265
2025-11-17 12:00,54.44665550109198
2025-11-17 13:00,51.99088127462568
2025-11-17 14:00,52.34163878861757
2025-11-17 15:00,53.21510929482204
2025-11-17 16:00,54.02065726920215
2025-11-17 17:00,56.93124350432402
2025-11-17 18:00,56.89482366592985
2025-11-17 19:00,56.8878306146602
2025-11-17 20:00,57.71664942519423
2025-11-17 21:00,57.04791275616323
2025-11-17 22:00,55.71354696996441
2025-11-17 23:00,53.48827588406146
2025-11-18 00:00,54.14815126843958
2025-11-18 01:00,55.42502647371417
2025-11-18 02:00,54.529656409350814
2025-11-18 03:00,51.05132252496885
2025-11-18 04:00,49.56593997685934
2025-11-18 05:00,53.82553945134842
2025-11-18 06:00,51.86073957119051
2025-11-18 07:00,52.39065558891507
2025-11-18 08:00,45.0155941232386
2025-11-18 09:00,38.08650506503895
2025-11-18 10:00,41.57543876022302
2025-11-18 11:00,48.65751543119626
2025-11-18 12:00,48.14596557091954
2025-11-18 13:00,44.05778869930842
2025-11-18 14:00,33.57552151020158
2025-11-18 15:00,38.29920205355728
2025-11-18 16:00,45.82103387578081
2025-11-18 17:00,43.59759781375456
2025-11-18 18:00,46.58005907000539
2025-11-18 19:00,34.9754334461482
2025-11-18 20:00,39.64966223969381
2025-11-18 21:00,38.767756785532995
2025-11-18 22:00,46.254217560693135
2025-11-18 23:00,41.780901822689174
2025-11-19 00:00,16.820254588990093
2025-11-19 01:00,16.509010275688432
2025-11-19 02:00,16.065865073795823
2025-11-19 03:00,10.219293766406775
2025-11-19 04:00,11.535570102078662
2025-11-19 05:00,8.728116045009859
2025-11-19 06:00,6.416546676621747
2025-11-19 07:00,4.877304969964314
2025-11-19 08:00,4.452572970926087
2025-11-19 09:00,3.955801146213182
2025-11-19 10:00,2.608699346147812
2025-11-19 11:00,2.1218935562986405
2025-11-19 12:00,2.050398989024851
2025-11-19 13:00,2.788727048289672
2025-11-19 14:00,5.223069208627288
2025-11-19 15:00,4.8269900378855155
2025-11-19 16:00,2.5204317008329675
2025-11-19 17:00,3.319899275912758
2025-11-19 18:00,2.8998630055493546
2025-11-19 19:00,2.3250981263877963
2025-11-19 20:00,1.618872697299871
2025-11-19 21:00,2.5079502938653606
2025-11-19 22:00,1.5693123269412932
2025-11-19 23:00,2.2709003159259677
2025-11-20 00:00,3.5102531218372492
2025-11-20 01:00,3.251431520055416
2025-11-20 02:00,3.0150290671812363
2025-11-20 03:00,4.7120613150186434
2025-11-20 04:00,5.2854729851145965
2025-11-20 05:00,6.380614508740409
2025-11-20 06:00,12.359525899062897
2025-11-20 07:00,12.109492440910907
2025-11-20 08:00,11.965034163611243
2025-11-20 09:00,14.329830684194201
2025-11-20 10:00,17.217950974973583
2025-11-20 11:00,17.478141417341796
2025-11-20 12:00,16.649704748827077
2025-11-20 13:00,16.41488265206938
2025-11-20 14:00,18.502989161711273
2025-11-20 15:00,19.464149951724686
2025-11-20 16:00,18.398324841005046
2025-11-20 17:00,14.901532747019397
2025-11-20 18:00,14.517155116894081
2025-11-20 19:00,21.104785710151788
2025-11-20 20:00,26.172924534246228
2025-11-20 21:00,30.85954513905192
2025-11-20 22:00,34.903071665975
2025-11-20 23:00,37.99499710814226
2025-11-21 00:00,28.385370928503832
2025-11-21 01:00,22.80790909108848
2025-11-21 02:00,19.73580305775866
2025-11-21 03:00,15.141537667160557
2025-11-21 04:00,13.603055642324238
2025-11-21 05:00,11.922303325712601
2025-11-21 06:00,7.137450134909832
2025-11-21 07:00,5.004104102752084
2025-11-21 08:00,4.815278923012125
2025-11-21 09:00,4.485375277065542
2025-11-21 10:00,4.462112659836865
2025-11-21 11:00,4.252832619688579
2025-11-21 12:00,4.69200349796976
2025-11-21 13:00,9.342538514973713
2025-11-21 14:00,6.869740209374809
2025-11-21 15:00,5.749237172346561
2025-11-21 16:00,7.904816516543045
2025-11-21 17:00,5.911806299353341
2025-11-21 18:00,6.03787888460532
2025-11-21 19:00,6.6545403887035235
2025-11-21 20:00,5.218221943118437
2025-11-21 21:00,7.713265632878248
2025-11-21 22:00,8.582292168059048
2025-11-21 23:00,8.63399401886256
2025-11-22 00:00,7.686300380317264
2025-11-22 01:00,11.934250151891518
2025-11-22 02:00,9.478096826987786
2025-11-22 03:00,10.92626216681526
2025-11-22 04:00,9.593194890925854
2025-11-22 05:00,11.117555832181019
2025-11-22 06:00,10.860310312682746
2025-11-22 07:00,9.293665503082556
2025-11-22 08:00,7.958859933689276
2025-11-22 09:00,5.840562154895402
2025-11-22 10:00,4.574225091549315
2025-11-22 11:00,5.790758652466455
2025-11-22 12:00,7.934202712877651
2025-11-22 13:00,8.109511752500058
2025-11-22 14:00,7.896113323926924
2025-11-22 15:00,8.771717096677927
2025-11-22 16:00,10.326980047502566
2025-11-22 17:00,5.80287228816117
2025-11-22 18:00,4.208827552541866
2025-11-22 19:00,3.238902612190353
2025-11-22 20:00,4.384573433399437
2025-11-22 21:00,4.972870612694747
2025-11-22 22:00,5.718976869746531
2025-11-22 23:00,5.944086685736736
2025-11-23 00:00,9.389680548189714
2025-11-23 01:00,9.805449938261834
2025-11-23 02:00,10.409843701950475
2025-11-23 03:00,11.281964891718502
2025-11-23 04:00,14.969829146339258
2025-11-23 05:00,22.067920679005297
2025-11-23 06:00,24.207115906276577
2025-11-23 07:00,20.93309021699692
2025-11-23 08:00,16.443469411850383
2025-11-23 09:00,16.986361384860228
2025-11-23 10:00,18.1057441733807
2025-11-23 11:00,20.82255804413725
2025-11-23 12:00,19.556162330459447
2025-11-23 13:00,19.30637554676592
2025-11-23 14:00,20.31572070348069
2025-11-23 15:00,22.044226029196622
2025-11-23 16:00,21.85079743476525
2025-11-23 17:00,17.571393554549694
2025-11-23 18:00,17.868181483568947
2025-11-23 19:00,21.411154656319365
2025-11-23 20:00,21.67852915307576
2025-11-23 21:00,20.20317989985711
2025-11-23 22:00,19.149933530000837
2025-11-23 23:00,17.79372917994109
2025-11-24 00:00,24.26670194347673
2025-11-24 01:00,21.627454051356516
2025-11-24 02:00,21.137497091183736
2025-11-24 03:00,26.31373940752116
2025-11-24 04:00,22.606865070403785
2025-11-24 05:00,29.581320416835105
2025-11-24 06:00,23.213532188320688
2025-11-24 07:00,21.738434814331097
2025-11-24 08:00,28.073890839670664
2025-11-24 09:00,28.98073298385454
2025-11-24 10:00,26.113021171260222
2025-11-24 11:00,22.89851180084657
2025-11-24 12:00,23.783717182428123
2025-11-24 13:00,21.836729429707553
2025-11-24 14:00,21.238516525772553
2025-11-24 15:00,20.729602928798748
2025-11-24 16:00,15.014497530961624
2025-11-24 17:00,12.662013842736911
2025-11-24 18:00,13.440814535694265
2025-11-24 19:00,13.471726715458496
2025-11-24 20:00,13.36772312957622
2025-11-24 21:00,14.40569231956309
2025-11-24 22:00,11.906517302939543
2025-11-24 23:00,14.80569714573483
2025-11-25 00:00,17.244122436907542
2025-11-25 01:00,20.26905219463668
2025-11-25 02:00,18.978693089444782
2025-11-25 03:00,21.990308359237403
2025-11-25 04:00,21.189577307910945
2025-11-25 05:00,27.33016917924589
2025-11-25 06:00,30.81679046671316
2025-11-25 07:00,24.725039118113997
2025-11-25 08:00,56.709360764649915
2025-11-25 09:00,54.15353166778635
2025-11-25 10:00,56.11150018446913
2025-11-25 11:00,59.107412883346015
2025-11-25 12:00,58.185068320871984
2025-11-25 13:00,59.66344061775409
2025-11-25 14:00,59.67153607561204
2025-11-25 15:00,57.635931785715506
2025-11-25 16:00,58.109387724357276
2025-11-25 17:00,58.97974754954153
2025-11-25 18:00,58.00695096698405
2025-11-25 19:00,57.134537307416586
2025-11-25 20:00,55.99565551588455
2025-11-25 21:00,56.37643962895965
2025-11-25 22:00,54.33996756915323
2025-11-25 23:00,52.43017000332716
2025-11-26 00:00,24.624178552744617
2025-11-26 01:00,22.455738379814957
2025-11-26 02:00,21.796734393231297
2025-11-26 03:00,16.487938370444553
2025-11-26 04:00,12.20855035801272
2025-11-26 05:00,10.641203980040387
2025-11-26 06:00,12.747854500461909
2025-11-26 07:00,8.639650769114363
2025-11-26 08:00,5.7797449172715
2025-11-26 09:00,5.585667926543465
2025-11-26 10:00,5.279921701724696
2025-11-26 11:00,3.6793888146623805
2025-11-26 12:00,4.989640391950772
2025-11-26 13:00,4.71257757287251
2025-11-26 14:00,4.705450674235449
2025-11-26 15:00,5.057632448698946
2025-11-26 16:00,4.241273117191133
2025-11-26 17:00,4.442647915850178
2025-11-26 18:00,3.5926149399428224
2025-11-26 19:00,4.073858436822551
2025-11-26 20:00,2.87582587727632
2025-11-26 21:00,3.739346942385768
2025-11-26 22:00,3.396416985532162
2025-11-26 23:00,3.036833594566126
2025-11-27 00:00,21.44782526452075
2025-11-27 01:00,24.729370024964563
2025-11-27 02:00,26.936474762455756
2025-11-27 03:00,38.36859225088381
2025-11-27 04:00,46.42126852656209
2025-11-27 05:00,51.335700732385405
2025-11-27 06:00,53.851559074841504
2025-11-27 07:00,54.89934008694469
2025-11-27 08:00,55.4887482548665
2025-11-27 09:00,56.15822036334188
2025-11-27 10:00,50.792747925958096
2025-11-27 11:00,56.00250047944829
2025-11-27 12:00,57.2694720228442
2025-11-27 13:00,58.65533400253647
2025-11-27 14:00,57.30369405509423
2025-11-27 15:00,59.326904499971754
2025-11-27 16:00,59.657951108647886
2025-11-27 17:00,58.37244151251973
2025-11-27 18:00,60.38383993101672
2025-11-27 19:00,60.44503484304779
2025-11-27 20:00,61.059823063679204
2025-11-27 21:00,59.91520876189343
2025-11-27 22:00,59.582048299491404
2025-11-27 23:00,55.637624276253135
2025-11-28 00:00,45.222429585388944
2025-11-28 01:00,45.7678248430076
2025-11-28 02:00,47.113359170156954
2025-11-28 03:00,46.312524857560376
2025-11-28 04:00,45.365362348960375
2025-11-28 05:00,40.68387112555925
2025-11-28 06:00,34.32281347704985
2025-11-28 07:00,36.84233320341282
2025-11-28 08:00,29.135713189186887
2025-11-28 09:00,25.718747879120656
2025-11-28 10:00,23.528871454491536
2025-11-28 11:00,19.70273975052583
2025-11-28 12:00,20.44754150225645
2025-11-28 13:00,14.478278653471168
2025-11-28 14:00,15.255400428357284
2025-11-28 15:00,14.148773965869093
2025-11-28 16:00,13.648416946875862
2025-11-28 17:00,12.861424440225651
2025-11-28 18:00,11.831997977833385
2025-11-28 19:00,9.332641044117622
2025-11-28 20:00,9.902226766860986
2025-11-28 21:00,9.903532816888106
2025-11-28 22:00,7.148221042217352
2025-11-28 23:00,6.590501730091615
2025-11-29 00:00,5.034719644725783
2025-11-29 01:00,3.9021206880642243
2025-11-29 02:00,4.305949065961999
2025-11-29 03:00,5.280784911801202
2025-11-29 04:00,6.128904396976434
2025-11-29 05:00,5.443566689925464
2025-11-29 06:00,5.888743383501381
2025-11-29 07:00,8.034074465332003
2025-11-29 08:00,9.929237458083115
2025-11-29 09:00,15.331990949236783
2025-11-29 10:00,14.062086337510838
2025-11-29 11:00,21.83300350912758
2025-11-29 12:00,32.370719242636156
2025-11-29 13:00,32.77581347159715
2025-11-29 14:00,35.15915311686712
2025-11-29 15:00,39.620995638171195
2025-11-29 16:00,40.58809190808268
2025-11-29 17:00,36.32172426534635
2025-11-29 18:00,33.33592127721235
2025-11-29 19:00,30.889066416404674
2025-11-29 20:00,31.04725001083397
2025-11-29 21:00,27.62673120130316
2025-11-29 22:00,24.09845649024372
2025-11-29 23:00,21.803403973105397
2025-11-30 00:00,35.799291378872105
2025-11-30 01:00,36.55190859225988
2025-11-30 02:00,33.98200715336128
2025-11-30 03:00,31.042888495296843
2025-11-30 04:00,25.444394301458956
2025-11-30 05:00,23.052168662406572
2025-11-30 06:00,21.906535882805017
2025-11-30 07:00,24.153583480186448
2025-11-30 08:00,23.57109134123528
2025-11-30 09:00,23.057832597163525
2025-11-30 10:00,20.47453283191212
2025-11-30 11:00,18.447967903445516
2025-11-30 12:00,21.33668453352321
2025-11-30 13:00,24.868026638206118
2025-11-30 14:00,25.36797421646053
2025-11-30 15:00,27.750070799607627
2025-11-30 16:00,29.768356638248193
2025-11-30 17:00,30.321393153284607
2025-11-30 18:00,28.89377009100729
2025-11-30 19:00,28.199380268775244
2025-11-30 20:00,23.554614500349274
2025-11-30 21:00,18.01585528777814
2025-11-30 22:00,12.768746378706899
2025-11-30 23:00,13.410711966318047
2025-12-01 00:00,23.424804090160073
2025-12-01 01:00,37.06952293922465
2025-12-01 02:00,38.47473141318385
2025-12-01 03:00,32.76409070705124
2025-12-01 04:00,36.56411274015289
2025-12-01 05:00,35.226146824567536
2025-12-01 06:00,36.91539806689222
2025-12-01 07:00,29.524684222102472
2025-12-01 08:00,27.181891311179754
2025-12-01 09:00,27.243588913645468
2025-12-01 10:00,32.241696927646785
2025-12-01 11:00,31.44150424142682
2025-12-01 12:00,30.46839476808256
2025-12-01 13:00,28.91229047898163
2025-12-01 14:00,29.81344192103047
2025-12-01 15:00,31.03630192232555
2025-12-01 16:00,35.836393799999456
2025-12-01 17:00,32.97056621234535
2025-12-01 18:00,29.06443839436434
2025-12-01 19:00,26.192200343042927
2025-12-01 20:00,26.051619830085535
2025-12-01 21:00,23.238181321074396
2025-12-01 22:00,22.875826468667476
2025-12-01 23:00,21.8614363786459
2025-12-02 00:00,24.341504514880164
2025-12-02 01:00,31.56067939659316
2025-12-02 02:00,30.37610158065261
2025-12-02 03:00,26.583368801881015
2025-12-02 04:00,26.06244831411575
2025-12-02 05:00,25.85300368471305
2025-12-02 06:00,28.080783139089704
2025-12-02 07:00,36.39722718639267
2025-12-02 08:00,39.81629401605554
2025-12-02 09:00,43.51162584689135
2025-12-02 10:00,39.9256750811404
2025-12-02 11:00,38.30584279794271
2025-12-02 12:00,37.94536031037546
2025-12-02 13:00,36.34869913312605
2025-12-02 14:00,37.62674205181645
2025-12-02 15:00,41.94961735049668
2025-12-02 16:00,42.451806237407865
2025-12-02 17:00,44.032705073756574
2025-12-02 18:00,41.10248213461881
2025-12-02 19:00,37.10140309860877
2025-12-02 20:00,37.96763557749701
2025-12-02 21:00,33.050593430955175
2025-12-02 22:00,31.300674867656703
2025-12-02 23:00,31.12674260900524
2025-12-03 00:00,42.063460359383264
2025-12-03 01:00,55.96162940761567
2025-12-03 02:00,54.99491425064308
2025-12-03 03:00,52.20938376317895
2025-12-03 04:00,55.417077628308476
2025-12-03 05:00,55.64379326986668
2025-12-03 06:00,49.40058039653502
2025-12-03 07:00,41.5653538796967
2025-12-03 08:00,32.21209744265148
2025-12-03 09:00,36.07576725742333
2025-12-03 10:00,44.19716588049118
2025-12-03 11:00,49.89692426122602
2025-12-03 12:00,46.87397223167498
2025-12-03 13:00,51.54543216569597
2025-12-03 14:00,50.02527858983218
2025-12-03 15:00,51.68634566187724
2025-12-03 16:00,54.05424882439684
2025-12-03 17:00,52.48461766375545
2025-12-03 18:00,54.041907850526925
2025-12-03 19:00,55.36542124294209
2025-12-03 20:00,53.53860215540093
2025-12-03 21:00,53.13602591925483
2025-12-03 22:00,48.47939457821414
2025-12-03 23:00,42.50500776722038
2025-12-04 00:00,42.00136017354402
2025-12-04 01:00,40.76733209615222
2025-12-04 02:00,35.47987445396724
2025-12-04 03:00,27.46029747793842
2025-12-04 04:00,31.126165195640027
2025-12-04 05:00,25.686853045590695
2025-12-04 06:00,20.492749955361184
2025-12-04 07:00,15.315726173296525
2025-12-04 08:00,15.084656388270627
2025-12-04 09:00,18.157991992807915
2025-12-04 10:00,14.882731871634764
2025-12-04 11:00,11.633816769790746
2025-12-04 12:00,10.772503852648661
2025-12-04 13:00,9.609461365186792
2025-12-04 14:00,14.027816325016666
2025-12-04 15:00,18.024818146162662
2025-12-04 16:00,20.576628072187166
2025-12-04 17:00,24.36836709156259
2025-12-04 18:00,34.46573182574109
2025-12-04 19:00,32.66664434184898
2025-12-04 20:00,51.80004825776197
2025-12-04 21:00,51.81714022537325
2025-12-04 22:00,54.567369829846555
2025-12-04 23:00,51.03639194251464
2025-12-05 00:00,51.05624263460426
2025-12-05 01:00,52.91239219021581
2025-12-05 02:00,48.8843153179083
2025-12-05 03:00,43.93846332294508
2025-12-05 04:00,45.241807230756024
2025-12-05 05:00,38.86802558402891
2025-12-05 06:00,43.493556992001544
2025-12-05 07:00,28.692831971531188
2025-12-05 08:00,25.340481944797634
2025-12-05 09:00,20.732122062105443
2025-12-05 10:00,24.44198751278573
2025-12-05 11:00,25.28862615698832
2025-12-05 12:00,24.872294575727878
2025-12-05 13:00,20.688028056269193
2025-12-05 14:00,26.164211189338918
2025-12-05 15:00,27.318631663824572
2025-12-05 16:00,25.17951801074897
2025-12-05 17:00,25.136482464949907
2025-12-05 18:00,16.672323560209332
2025-12-05 19:00,10.481257222594863
2025-12-05 20:00,7.413948642241458
2025-12-05 21:00,5.486995840909998
2025-12-05 22:00,4.380468128529187
2025-12-05 23:00,5.566970167789282
2025-12-06 00:00,5.098745226664102
2025-12-06 01:00,3.8037884152035777
2025-12-06 02:00,4.602120127890838
2025-12-06 03:00,5.344311241215604
2025-12-06 04:00,6.1627375165428795
2025-12-06 05:00,12.113127349160134
2025-12-06 06:00,6.96990647345653
2025-12-06 07:00,8.330146709565353
2025-12-06 08:00,11.174766889955949
2025-12-06 09:00,12.316548429624161
2025-12-06 10:00,15.245529854047938
2025-12-06 11:00,14.86815343448519
2025-12-06 12:00,25.867133296904036
2025-12-06 13:00,32.217276251174354
2025-12-06 14:00,33.07752967268284
2025-12-06 15:00,37.7564112986703
2025-12-06 16:00,37.58290168488686
2025-12-06 17:00,32.96322850130935
2025-12-06 18:00,31.636065684395255
2025-12-06 19:00,32.91165483936075
2025-12-06 20:00,34.04728886360871
2025-12-06 21:00,32.30128544639874
2025-12-06 22:00,32.30031114695451
2025-12-06 23:00,30.13492985209112
2025-12-07 00:00,28.94836562626017
2025-12-07 01:00,29.176133601949182
2025-12-07 02:00,24.25261109077323
2025-12-07 03:00,26.52707715025516
2025-12-07 04:00,22.953821158621373
2025-12-07 05:00,25.580712115657015
2025-12-07 06:00,22.83080624619658
2025-12-07 07:00,23.99837137058715
2025-12-07 08:00,26.962810053972902
2025-12-07 09:00,19.749938381864727
2025-12-07 10:00,21.067053658681772
2025-12-07 11:00,25.736285058813326
2025-12-07 12:00,25.719834918660336
2025-12-07 13:00,25.700926013418936
2025-12-07 14:00,28.90198732947485
2025-12-07 15:00,28.61659424108926
2025-12-07 16:00,32.469024865238325
2025-12-07 17:00,32.770416979473346
2025-12-07 18:00,27.077592322480946
2025-12-07 19:00,25.946022323151496
2025-12-07 20:00,37.37491326488799
2025-12-07 21:00,35.82858149651929
2025-12-07 22:00,40.70296092519316
2025-12-07 23:00,43.99596409201107
2025-12-08 00:00,48.28850738260114
2025-12-08 01:00,50.52038606104159
2025-12-08 02:00,47.92310709368092
2025-12-08 03:00,47.506270757837726
2025-12-08 04:00,49.60138877847173
2025-12-08 05:00,46.363707906424104
2025-12-08 06:00,42.29902694735546
2025-12-08 07:00,45.180051636062984
2025-12-08 08:00,39.95769736438092
2025-12-08 09:00,40.324160808420096
2025-12-08 10:00,40.83527017961755
2025-12-08 11:00,40.76374311109623
2025-12-08 12:00,36.21191755487233
2025-12-08 13:00,32.88606215570868
2025-12-08 14:00,32.4715544118297
2025-12-08 15:00,34.97136726137285
2025-12-08 16:00,38.65352079904176
2025-12-08 17:00,30.1113848249039
2025-12-08 18:00,27.318984530629315
2025-12-08 19:00,24.965883468886275
2025-12-08 20:00,21.46640722208659
2025-12-08 21:00,10.770155406300555
2025-12-08 22:00,7.056838447766706
2025-12-08 23:00,6.96953895703068
2025-12-09 00:00,2.759741302711034
2025-12-09 01:00,3.0938024429391326
2025-12-09 02:00,3.636352933824366
2025-12-09 03:00,5.1592846967562584
2025-12-09 04:00,4.00840496496915
2025-12-09 05:00,2.46439179904148
2025-12-09 06:00,3.6402691778970406
2025-12-09 07:00,2.528728961691214
2025-12-09 08:00,3.3304530785614883
2025-12-09 09:00,2.438762502371056
2025-12-09 10:00,2.376715011097766
2025-12-09 11:00,1.7621756383132599
2025-12-09 12:00,1.6320231933399358
2025-12-09 13:00,2.052910447456825
2025-12-09 14:00,2.107592360490925
2025-12-09 15:00,2.534138488768793
2025-12-09 16:00,2.264446641185901
2025-12-09 17:00,1.9577420485839603
2025-12-09 18:00,2.1503321310813583
2025-12-09 19:00,1.6016241063756262
2025-12-09 20:00,1.8659189351432226
2025-12-09 21:00,2.026931676881236
2025-12-09 22:00,2.040085627377219
2025-12-09 23:00,2.1725740636258855
2025-12-10 00:00,2.854810851455312
2025-12-10 01:00,2.519131934595911
2025-12-10 02:00,2.9894065319079735
2025-12-10 03:00,2.688011484894181
2025-12-10 04:00,2.678527950558501
2025-12-10 05:00,3.0699653282568296
2025-12-10 06:00,3.669690552224564
2025-12-10 07:00,4.2145294063898895
2025-12-10 08:00,4.042994300694659
2025-12-10 09:00,3.69710412849568
2025-12-10 10:00,3.7903772307836037
2025-12-10 11:00,4.398170253817779
2025-12-10 12:00,4.911216721608321
2025-12-10 13:00,4.172416088626126
2025-12-10 14:00,4.968442526428224
2025-12-10 15:00,5.940610510356962
2025-12-10 16:00,5.083574158889478
2025-12-10 17:00,3.2543491678837024
2025-12-10 18:00,4.0396774790850305
2025-12-10 19:00,3.596807548630979
2025-12-10 20:00,3.862065556427689
2025-12-10 21:00,4.62368038694906
2025-12-10 22:00,4.362355231705308
2025-12-10 23:00,4.734125594749802
2025-12-11 00:00,18.31506190028106
2025-12-11 01:00,26.009686986303542
2025-12-11 02:00,14.771740708027489
2025-12-11 03:00,28.85344790961129
2025-12-11 04:00,30.441739543835435
2025-12-11 05:00,43.56541155904232
2025-12-11 06:00,44.396906709406785
2025-12-11 07:00,44.45835488960874
2025-12-11 08:00,38.92124469498691
2025-12-11 09:00,32.76407016952268
2025-12-11 10:00,51.08613636809322
2025-12-11 11:00,54.24375146013278
2025-12-11 12:00,56.830558074783085
2025-12-11 13:00,59.06399505678282
2025-12-11 14:00,59.351984217427656
2025-12-11 15:00,58.685345134624114
2025-12-11 16:00,59.195588568756406
2025-12-11 17:00,58.00873950043187
2025-12-11 18:00,56.97027529557147
2025-12-11 19:00,56.56224953948029
2025-12-11 20:00,55.382493783888236
2025-12-11 21:00,55.5894570389461
2025-12-11 22:00,55.271885865953706
2025-12-11 23:00,54.113402828592996
2025-12-12 00:00,31.800341138896556
2025-12-12 01:00,29.544798874605405
2025-12-12 02:00,27.658821232911357
2025-12-12 03:00,24.14470414194549
2025-12-12 04:00,19.161106980486167
2025-12-12 05:00,21.18884725102034
2025-12-12 06:00,17.88480537813651
2025-12-12 07:00,16.268167986973783
2025-12-12 08:00,14.771472573700613
2025-12-12 09:00,10.798098039592652
2025-12-12 10:00,10.533170238693573
2025-12-12 11:00,6.965000821899724
2025-12-12 12:00,5.206667567809806
2025-12-12 13:00,5.701653889995178
2025-12-12 14:00,4.430939071498344
2025-12-12 15:00,4.455480181665195
2025-12-12 16:00,3.9194458347942165
2025-12-12 17:00,4.395072182202997
2025-12-12 18:00,5.191387361251461
2025-12-12 19:00,4.463980632486868
2025-12-12 20:00,3.684609193669558
2025-12-12 21:00,3.671687567562115
2025-12-12 22:00,3.815138226641765
2025-12-12 23:00,3.71118729276078
2025-12-13 00:00,3.3062268820442724
2025-12-13 01:00,4.3637840138271855
2025-12-13 02:00,3.3427970535015503
2025-12-13 03:00,3.9029243631112718
2025-12-13 04:00,3.7578331462054115
2025-12-13 05:00,3.4774648330878835
2025-12-13 06:00,3.2383716126645172
2025-12-13 07:00,4.224201706099849
2025-12-13 08:00,4.826810522089638
2025-12-13 09:00,4.325660536928661
2025-12-13 10:00,3.81083178437728
2025-12-13 11:00,3.6710835302765483
2025-12-13 12:00,3.1435728406440426
2025-12-13 13:00,4.300608487031798
2025-12-13 14:00,10.76274040303873
2025-12-13 15:00,9.822352016016065
2025-12-13 16:00,14.36194753619839
2025-12-13 17:00,15.303381303338362
2025-12-13 18:00,24.361050839641422
2025-12-13 19:00,17.66393308036792
2025-12-13 20:00,13.114065231264423
2025-12-13 21:00,11.36079847858661
2025-12-13 22:00,8.052695800369534
2025-12-13 23:00,7.25566569025377
2025-12-14 00:00,19.96335916414305
2025-12-14 01:00,19.72173719967718
2025-12-14 02:00,26.99845117044709
2025-12-14 03:00,32.226669251209714
2025-12-14 04:00,23.1683401372225
2025-12-14 05:00,18.525133242224122
2025-12-14 06:00,23.343641341130112
2025-12-14 07:00,24.057949423154323
2025-12-14 08:00,30.432355189954883
2025-12-14 09:00,54.63253575492061
2025-12-14 10:00,51.90121161778559
2025-12-14 11:00,52.027305301002684
2025-12-14 12:00,51.63045334273869
2025-12-14 13:00,50.36755642957078
2025-12-14 14:00,50.123453427203245
2025-12-14 15:00,50.33363053006268
2025-12-14 16:00,49.63512160214543
2025-12-14 17:00,49.27388476814974
2025-12-14 18:00,47.834742841361084
2025-12-14 19:00,47.84759642824328
2025-12-14 20:00,49.028907722459934
2025-12-14 21:00,38.8281051328386
2025-12-14 22:00,36.25936598918687
2025-12-14 23:00,40.62390403592278
2025-12-15 00:00,13.031977752199914
2025-12-15 01:00,13.834686554577
2025-12-15 02:00,13.759936619752061
2025-12-15 03:00,11.59175854951636
2025-12-15 04:00,9.732738335450946
2025-12-15 05:00,8.703981668269336
2025-12-15 06:00,8.493681111695716
2025-12-15 07:00,5.976732864062043
2025-12-15 08:00,5.481778447876027
2025-12-15 09:00,5.286272078722003
2025-12-15 10:00,4.922424106841222
2025-12-15 11:00,4.193026413772048
2025-12-15 12:00,3.3976369102102826
2025-12-15 13:00,3.0924216618548686
2025-12-15 14:00,5.150593929321661
2025-12-15 15:00,6.070900417888062
2025-12-15 16:00,4.502054781084693
2025-12-15 17:00,3.26007206323966
2025-12-15 18:00,3.939891818535341
2025-12-15 19:00,4.279237692812944
2025-12-15 20:00,7.736006633414969
2025-12-15 21:00,15.350926476427968
2025-12-15 22:00,20.411663004826416
2025-12-15 23:00,19.63051928315762
2025-12-16 00:00,13.411082527719923
2025-12-16 01:00,20.892965883152826
2025-12-16 02:00,23.63430140789061
2025-12-16 03:00,13.24449726031544
2025-12-16 04:00,18.691358291530186
2025-12-16 05:00,21.992369328236475
2025-12-16 06:00,15.302714308353154
2025-12-16 07:00,19.77639221752017
2025-12-16 08:00,19.20444675826802
2025-12-16 09:00,21.832191385605174
2025-12-16 10:00,19.573542294637022
2025-12-16 11:00,17.06116969604812
2025-12-16 12:00,18.901718892290337
2025-12-16 13:00,17.77159364655535
2025-12-16 14:00,12.072461673286272
2025-12-16 15:00,12.919475757311687
2025-12-16 16:00,12.530973022434837
2025-12-16 17:00,9.055155153806389
2025-12-16 18:00,9.159904439450981
2025-12-16 19:00,9.406245142305018
2025-12-16 20:00,10.008675822384296
2025-12-16 21:00,10.610566295895417
2025-12-16 22:00,11.062035506330208
2025-12-16 23:00,10.993599994091198
2025-12-17 00:00,6.867759234035761
2025-12-17 01:00,6.179824731960682
2025-12-17 02:00,6.708404969464253
2025-12-17 03:00,6.512158222802322
2025-12-17 04:00,7.74686910734789
2025-12-17 05:00,9.623151983747029
2025-12-17 06:00,13.133216632699963
2025-12-17 07:00,14.585759120012582
2025-12-17 08:00,16.42317129341045
2025-12-17 09:00,21.968626149118712
2025-12-17 10:00,26.67540240126642
2025-12-17 11:00,29.210341588461862
2025-12-17 12:00,33.090852202565
2025-12-17 13:00,29.34274522762395
2025-12-17 14:00,32.99203053334842
2025-12-17 15:00,34.41277812986648
2025-12-17 16:00,34.18829721806537
2025-12-17 17:00,29.57646016823788
2025-12-17 18:00,26.81195422827779
2025-12-17 19:00,23.524641735252665
2025-12-17 20:00,18.639736982865593
2025-12-17 21:00,17.05355932548296
2025-12-17 22:00,15.47050693616522
2025-12-17 23:00,14.972283310311619
2025-12-18 00:00,3.6747436784514536
2025-12-18 01:00,3.6609139055170097
2025-12-18 02:00,4.710779169509208
2025-12-18 03:00,4.972267950077503
2025-12-18 04:00,4.436253557753451
2025-12-18 05:00,3.6768112604528898
2025-12-18 06:00,3.565391922374074
2025-12-18 07:00,2.482774737703006
2025-12-18 08:00,1.904720964373499
2025-12-18 09:00,1.4677000894945014
2025-12-18 10:00,1.17294583498927
2025-12-18 11:00,1.3720894145256095
2025-12-18 12:00,1.886131303087597
2025-12-18 13:00,2.396672336838944
2025-12-18 14:00,2.2160835245138553
2025-12-18 15:00,2.9739355796615086
2025-12-18 16:00,3.1861451272614167
2025-12-18 17:00,3.8004303737187977
2025-12-18 18:00,3.2593223864598717
2025-12-18 19:00,3.323320864114731
2025-12-18 20:00,2.4182627654633704
2025-12-18 21:00,2.6556708484274187
2025-12-18 22:00,2.0244193566169724
2025-12-18 23:00,1.4879867374661542
2025-12-19 00:00,2.519035817105025
2025-12-19 01:00,2.4650181210866053
2025-12-19 02:00,3.446572797911581
2025-12-19 03:00,5.4603531360900694
2025-12-19 04:00,3.740357711539244
2025-12-19 05:00,2.686477311008346
2025-12-19 06:00,3.5374404073594152
2025-12-19 07:00,3.2359176764956503
2025-12-19 08:00,3.6892547166991525
2025-12-19 09:00,2.876894956130806
2025-12-19 10:00,2.4532178060821686
2025-12-19 11:00,2.5594744019347253
2025-12-19 12:00,2.8855657068803464
2025-12-19 13:00,3.6863907077439935
2025-12-19 14:00,4.202036194502245
2025-12-19 15:00,6.251267071071274
2025-12-19 16:00,4.323167076547643
2025-12-19 17:00,4.758028598094169
2025-12-19 18:00,7.899153669042903
2025-12-19 19:00,10.47599520895723
2025-12-19 20:00,11.207388903045622
2025-12-19 21:00,14.48466529223393
2025-12-19 22:00,17.701652946713335
2025-12-19 23:00,21.593145176481247
2025-12-20 00:00,18.78719004071386
2025-12-20 01:00,17.608625708737005
2025-12-20 02:00,19.53919265598581
2025-12-20 03:00,26.313482254513932
2025-12-20 04:00,28.095635861235657
2025-12-20 05:00,27.153005703580394
2025-12-20 06:00,25.833236637524976
2025-12-20 07:00,34.14094939869363
2025-12-20 08:00,29.677901741669494
2025-12-20 09:00,20.713375307242295
2025-12-20 10:00,13.29986889856591
2025-12-20 11:00,13.444847410437367
2025-12-20 12:00,12.291147132998642
2025-12-20 13:00,15.406076185205627
2025-12-20 14:00,15.095899329784723
2025-12-20 15:00,19.22996692672084
2025-12-20 16:00,30.242509421839525
2025-12-20 17:00,26.333790728454822
2025-12-20 18:00,41.92120125875191
2025-12-20 19:00,39.75964020058113
2025-12-20 20:00,41.37158863801531
2025-12-20 21:00,33.54052258538702
2025-12-20 22:00,43.57213102999367
2025-12-20 23:00,46.83119457712757
2025-12-21 00:00,50.98616168338041
2025-12-21 01:00,52.921772298848886
2025-12-21 02:00,54.551801026807055
2025-12-21 03:00,56.11367610854144
2025-12-21 04:00,57.02005457404772
2025-12-21 05:00,55.639311173257134
2025-12-21 06:00,54.08488842440188
2025-12-21 07:00,52.65824830262487
2025-12-21 08:00,48.527765156685554
2025-12-21 09:00,48.844429169378394
2025-12-21 10:00,46.385181397242725
2025-12-21 11:00,43.925737360156866
2025-12-21 12:00,43.96066820427271
2025-12-21 13:00,44.50026658666909
2025-12-21 14:00,42.25906260245789
2025-12-21 15:00,43.051716343994016
2025-12-21 16:00,41.80647018516297
2025-12-21 17:00,41.580610963724254
2025-12-21 18:00,34.642925079762804
2025-12-21 19:00,32.21365004523101
2025-12-21 20:00,27.96162623477111
2025-12-21 21:00,21.55086003156524
2025-12-21 22:00,20.929959463783916
2025-12-21 23:00,22.965425704978756
2025-12-22 00:00,17.73473157930716
2025-12-22 01:00,16.445773072811896
2025-12-22 02:00,12.877440672279096
2025-12-22 03:00,11.892455813798339
2025-12-22 04:00,11.98052158432305
2025-12-22 05:00,12.078756650472087
2025-12-22 06:00,12.215207309978403
2025-12-22 07:00,12.3766731813617
2025-12-22 08:00,11.122293360654105
2025-12-22 09:00,10.97052788813036
2025-12-22 10:00,7.561609613588653
2025-12-22 11:00,3.786907845643127
2025-12-22 12:00,3.6633508427935193
2025-12-22 13:00,2.6958364419649223
2025-12-22 14:00,4.336478425836464
2025-12-22 15:00,5.639835441007771
2025-12-22 16:00,5.011434148530721
2025-12-22 17:00,2.3220057170886186
2025-12-22 18:00,3.842796839927729
2025-12-22 19:00,3.874682047723604
2025-12-22 20:00,4.376722063641463
2025-12-22 21:00,2.507483013560862
2025-12-22 22:00,0.9652654104211302
2025-12-22 23:00,1.2588793346732303
2025-12-23 00:00,1.1507303952933037
2025-12-23 01:00,1.4183404892038798
2025-12-23 02:00,1.9526454375378874
2025-12-23 03:00,2.4140420177472146
2025-12-23 04:00,2.5762240497092863
2025-12-23 05:00,3.5310299458346837
2025-12-23 06:00,3.2873990849165464
2025-12-23 07:00,3.2615441100641545
2025-12-23 08:00,3.1038181906047653
2025-12-23 09:00,2.6991541411832696
2025-12-23 10:00,2.948964814754719
2025-12-23 11:00,2.185593677468496
2025-12-23 12:00,2.2390077114655265
2025-12-23 13:00,2.3503008633922295
2025-12-23 14:00,2.3017605628783993
2025-12-23 15:00,4.6972298235487155
2025-12-23 16:00,9.381510791230182
2025-12-23 17:00,10.555637166444281
2025-12-23 18:00,6.728043133099057
2025-12-23 19:00,8.271380019727504
2025-12-23 20:00,8.03075097040454
2025-12-23 21:00,7.910897600625547
2025-12-23 22:00,7.376396677551506
2025-12-23 23:00,7.575686452868613
2025-12-24 00:00,10.908695485273114
2025-12-24 01:00,17.8509287721704
2025-12-24 02:00,17.942198758350166
2025-12-24 03:00,26.59460349539391
2025-12-24 04:00,29.05047822305128
2025-12-24 05:00,40.06280987803078
2025-12-24 06:00,41.22126270027776
2025-12-24 07:00,39.853891767036544
2025-12-24 08:00,40.12354098112266
2025-12-24 09:00,36.9261708878545
2025-12-24 10:00,35.245647202716384
2025-12-24 11:00,36.98075447964338
2025-12-24 12:00,35.87276287248093
2025-12-24 13:00,35.03839864137795
2025-12-24 14:00,36.26818685468629
2025-12-24 15:00,41.04700449366108
2025-12-24 16:00,44.544839153769715
2025-12-24 17:00,41.059870561260354
2025-12-24 18:00,34.769206363356254
2025-12-24 19:00,34.209974658919414
2025-12-24 20:00,30.776115406792766
2025-12-24 21:00,26.163480360186306
2025-12-24 22:00,24.9449628220191
2025-12-24 23:00,25.580965883898802
2025-12-25 00:00,35.29273974524244
2025-12-25 01:00,32.81236211578988
2025-12-25 02:00,33.109884443442375
2025-12-25 03:00,41.44971772647599
2025-12-25 04:00,45.79833501095543
2025-12-25 05:00,48.06412506119463
2025-12-25 06:00,51.52032762458332
2025-12-25 07:00,54.957940377603286
2025-12-25 08:00,53.88980929376605
2025-12-25 09:00,55.14467288840943
2025-12-25 10:00,56.76481821803124
2025-12-25 11:00,57.88438327797708
2025-12-25 12:00,57.059928506635124
2025-12-25 13:00,58.647116711329396
2025-12-25 14:00,58.99445615967697
2025-12-25 15:00,59.62555156374897
2025-12-25 16:00,60.29414610004946
2025-12-25 17:00,61.22597854150008
2025-12-25 18:00,60.81909684782359
2025-12-25 19:00,60.86520616530304
2025-12-25 20:00,60.38217568299871
2025-12-25 21:00,59.83905357999454
2025-12-25 22:00,58.73778545787481
2025-12-25 23:00,56.56606115111748
2025-12-26 00:00,57.85161254596099
2025-12-26 01:00,58.24089012693476
2025-12-26 02:00,57.77433296818096
2025-12-26 03:00,57.212599117141544
2025-12-26 04:00,57.452169487895745
2025-12-26 05:00,56.90764277311733
2025-12-26 06:00,57.32665978193105
2025-12-26 07:00,57.59518891124181
2025-12-26 08:00,57.75402776825888
2025-12-26 09:00,56.201822568144415
2025-12-26 10:00,55.63420469286531
2025-12-26 11:00,53.61823713105082
2025-12-26 12:00,53.31294716682004
2025-12-26 13:00,52.25209910398772
2025-12-26 14:00,51.716807544480105
2025-12-26 15:00,50.720318781371155
2025-12-26 16:00,51.38968914560297
2025-12-26 17:00,50.97167812692663
2025-12-26 18:00,43.716070886514
2025-12-26 19:00,35.52612162182025
2025-12-26 20:00,28.60637912482825
2025-12-26 21:00,19.692634778549603
2025-12-26 22:00,17.747440989795333
2025-12-26 23:00,14.82703450103661
2025-12-27 00:00,7.65356982164259
2025-12-27 01:00,7.995533352086512
2025-12-27 02:00,7.624745540687989
2025-12-27 03:00,4.748629597440409
2025-12-27 04:00,4.474193152382543
2025-12-27 05:00,3.085962181674042
2025-12-27 06:00,2.4671243998493697
2025-12-27 07:00,2.302213348293826
2025-12-27 08:00,2.0168811177674253
2025-12-27 09:00,2.0195227510872558
2025-12-27 10:00,1.7423452899492269
2025-12-27 11:00,0.2548048362922787
2025-12-27 12:00,0.593264987727959
2025-12-27 13:00,0.09388769891521184
2025-12-27 14:00,0.7784150414043916
2025-12-27 15:00,1.1885364115550583
2025-12-27 16:00,2.6846520623645684
2025-12-27 17:00,2.3706809355976337
2025-12-27 18:00,3.0466699853011026
2025-12-27 19:00,1.5657094116258732
2025-12-27 20:00,2.5672017795801607
2025-12-27 21:00,7.176357265728842
2025-12-27 22:00,9.713679067384254
2025-12-27 23:00,8.786017979022509
2025-12-28 00:00,12.137854841985455
2025-12-28 01:00,11.714528040925748
2025-12-28 02:00,12.251106347159952
2025-12-28 03:00,11.615394524150506
2025-12-28 04:00,8.542753867783562
2025-12-28 05:00,4.607214735504149
2025-12-28 06:00,4.268516046164059
2025-12-28 07:00,3.998834613775494
2025-12-28 08:00,6.1403599623498755
2025-12-28 09:00,4.822295625025102
2025-12-28 10:00,8.546599434189082
2025-12-28 11:00,7.467187410512709
2025-12-28 12:00,7.163215005539563
2025-12-28 13:00,10.744186060883846
2025-12-28 14:00,10.807634409368038
2025-12-28 15:00,11.341852185956228
2025-12-28 16:00,11.810641714116654
2025-12-28 17:00,10.458368485372336
2025-12-28 18:00,10.627794586194891
2025-12-28 19:00,17.645657414528543
2025-12-28 20:00,22.382008082035725
2025-12-28 21:00,22.720249159510907
2025-12-28 22:00,25.285693192942986
2025-12-28 23:00,19.915126769778027
2025-12-29 00:00,20.762656959582564
2025-12-29 01:00,27.469367516798336
2025-12-29 02:00,28.212380198304984
2025-12-29 03:00,28.194988179540182
2025-12-29 04:00,31.51362804954492
2025-12-29 05:00,34.49187769160105
2025-12-29 06:00,31.009155161285832
2025-12-29 07:00,26.682735497961872
2025-12-29 08:00,23.993025349677694
2025-12-29 09:00,21.361570564815104
2025-12-29 10:00,21.5010488345078
2025-12-29 11:00,22.363052951732392
2025-12-29 12:00,19.814991601848213
2025-12-29 13:00,17.446584243451163
2025-12-29 14:00,16.930957635975567
2025-12-29 15:00,22.291216090457905
2025-12-29 16:00,23.44824526050019
2025-12-29 17:00,24.962421872409237
2025-12-29 18:00,26.57255668735411
2025-12-29 19:00,29.721487340487723
2025-12-29 20:00,26.77608754911314
2025-12-29 21:00,24.44631078085845
2025-12-29 22:00,19.43592231511261
2025-12-29 23:00,21.062160450982176
2025-12-30 00:00,19.319670798439823
2025-12-30 01:00,22.734035705081638
2025-12-30 02:00,22.645355951200266
2025-12-30 03:00,20.752343301998707
2025-12-30 04:00,24.18774476458739
2025-12-30 05:00,24.085706924157396
2025-12-30 06:00,23.317649588264683
2025-12-30 07:00,24.841234514350223
2025-12-30 08:00,24.95136194892208
2025-12-30 09:00,25.57161765808008
2025-12-30 10:00,22.99846847954344
2025-12-30 11:00,21.725934965943672
2025-12-30 12:00,22.199758260412054
2025-12-30 13:00,20.544414885182228
2025-12-30 14:00,21.374783214794377
2025-12-30 15:00,26.54298278503098
2025-12-30 16:00,29.01754702740977
2025-12-30 17:00,27.20481944084033
2025-12-30 18:00,20.074424630827796
2025-12-30 19:00,13.293123751589228
2025-12-30 20:00,9.378387377959498
2025-12-30 21:00,5.418605001675725
2025-12-30 22:00,3.805655434944957
2025-12-30 23:00,4.795328343304071
2025-12-31 00:00,10.300440274645942
2025-12-31 01:00,12.908743557077386
2025-12-31 02:00,20.647231566347664
2025-12-31 03:00,28.896722433181907
2025-12-31 04:00,34.37638792078608
2025-12-31 05:00,35.34087352032353
2025-12-31 06:00,41.10331901721613
2025-12-31 07:00,44.46513310993207
2025-12-31 08:00,46.220098568312224
2025-12-31 09:00,46.698509995826925
2025-12-31 10:00,45.6074409828809
2025-12-31 11:00,42.778672450267344
2025-12-31 12:00,39.58060355406889
2025-12-31 13:00,36.79300328745269
2025-12-31 14:00,35.51166609366377
2025-12-31 15:00,40.510277881048765
2025-12-31 16:00,41.418327118935224
2025-12-31 17:00,43.22757759344125
2025-12-31 18:00,41.68734866436017
2025-12-31 19:00,39.56585496100216
2025-12-31 20:00,41.08809940609051
2025-12-31 21:00,41.248104890676686
2025-12-31 22:00,42.38177239433198
2025-12-31 23:00,44.81849572634654
